investor_id,n_sip,avg_gap_days,max_gap_days,total_sip_amt,avg_sip_amt,continuity_status
INV000004,3,60.0,60,30904,10301.33,regular
INV000005,2,274.0,274,49443,24721.5,at-risk
INV000006,4,214.3,491,21018,5254.5,at-risk
INV000007,2,55.0,55,63395,31697.5,regular
INV000008,2,539.0,539,3231,1615.5,at-risk
INV000010,5,172.2,297,23719,4743.8,at-risk
INV000011,4,82.7,154,84720,21180.0,regular
INV000012,3,151.5,160,26127,8709.0,at-risk
INV000014,3,332.0,478,61058,20352.67,at-risk
INV000021,2,183.0,183,68447,34223.5,at-risk
INV000023,6,73.2,173,129740,21623.33,regular
INV000024,2,333.0,333,8017,4008.5,at-risk
INV000029,4,159.7,297,26268,6567.0,at-risk
INV000030,2,212.0,212,2798,1399.0,at-risk
INV000032,3,197.5,314,20284,6761.33,at-risk
INV000033,5,134.8,391,41932,8386.4,at-risk
INV000035,2,144.0,144,1710,855.0,at-risk
INV000038,2,153.0,153,50685,25342.5,at-risk
INV000039,2,209.0,209,29860,14930.0,at-risk
INV000040,2,30.0,30,15863,7931.5,regular
INV000045,4,120.0,212,89334,22333.5,at-risk
INV000048,4,139.3,174,13587,3396.75,at-risk
INV000050,2,55.0,55,23732,11866.0,regular
INV000055,4,110.7,150,46309,11577.25,at-risk
INV000056,2,85.0,85,35337,17668.5,regular
INV000058,4,34.0,57,14283,3570.75,regular
INV000062,3,229.5,452,70741,23580.33,at-risk
INV000065,2,425.0,425,104014,52007.0,at-risk
INV000069,5,67.2,182,123136,24627.2,regular
INV000073,3,319.0,451,22302,7434.0,at-risk
INV000074,3,180.5,275,47366,15788.67,at-risk
INV000075,3,319.5,342,27728,9242.67,at-risk
INV000076,3,245.0,336,26571,8857.0,at-risk
INV000081,3,214.5,426,35181,11727.0,at-risk
INV000082,4,193.7,243,15336,3834.0,at-risk
INV000084,3,35.5,66,18924,6308.0,regular
INV000085,3,257.5,335,30465,10155.0,at-risk
INV000086,6,49.2,94,59784,9964.0,regular
INV000087,3,164.0,299,58733,19577.67,at-risk
INV000089,2,178.0,178,13064,6532.0,at-risk
INV000091,5,59.8,91,31557,6311.4,regular
INV000092,2,31.0,31,951,475.5,regular
INV000093,2,62.0,62,54653,27326.5,regular
INV000094,3,46.5,56,6092,2030.67,regular
INV000095,2,23.0,23,29836,14918.0,regular
INV000097,2,122.0,122,22271,11135.5,at-risk
INV000098,3,330.0,508,3764,1254.67,at-risk
INV000100,3,260.0,393,82724,27574.67,at-risk
INV000101,4,192.0,368,45983,11495.75,at-risk
INV000102,5,90.8,154,109569,21913.8,at-risk
INV000103,3,103.5,178,14363,4787.67,at-risk
INV000104,4,191.0,390,46736,11684.0,at-risk
INV000105,6,115.6,334,83389,13898.17,at-risk
INV000109,6,83.6,296,22723,3787.17,regular
INV000113,2,31.0,31,11975,5987.5,regular
INV000116,2,154.0,154,15386,7693.0,at-risk
INV000117,2,56.0,56,17475,8737.5,regular
INV000129,2,157.0,157,23697,11848.5,at-risk
INV000131,5,121.0,362,91138,18227.6,at-risk
INV000132,3,60.0,62,78335,26111.67,regular
INV000133,3,104.0,147,33368,11122.67,at-risk
INV000143,2,118.0,118,20662,10331.0,at-risk
INV000144,2,334.0,334,9276,4638.0,at-risk
INV000146,2,334.0,334,14190,7095.0,at-risk
INV000147,2,118.0,118,4490,2245.0,at-risk
INV000148,6,61.4,189,65124,10854.0,regular
INV000150,2,389.0,389,9145,4572.5,at-risk
INV000156,2,157.0,157,5670,2835.0,at-risk
INV000158,3,106.5,127,20023,6674.33,at-risk
INV000160,2,153.0,153,29087,14543.5,at-risk
INV000161,2,426.0,426,26575,13287.5,at-risk
INV000163,5,135.0,327,33700,6740.0,at-risk
INV000164,2,120.0,120,7864,3932.0,at-risk
INV000166,3,213.0,396,10493,3497.67,at-risk
INV000167,4,122.0,154,27338,6834.5,at-risk
INV000169,2,417.0,417,10739,5369.5,at-risk
INV000172,3,89.5,152,68765,22921.67,regular
INV000173,2,175.0,175,5351,2675.5,at-risk
INV000175,3,45.0,80,10276,3425.33,regular
INV000180,4,172.0,391,11048,2762.0,at-risk
INV000182,2,300.0,300,4211,2105.5,at-risk
INV000183,2,274.0,274,62183,31091.5,at-risk
INV000191,4,68.7,145,61714,15428.5,regular
INV000194,4,100.7,144,29581,7395.25,at-risk
INV000196,2,419.0,419,46193,23096.5,at-risk
INV000201,3,28.5,29,29419,9806.33,regular
INV000203,2,57.0,57,29619,14809.5,regular
INV000205,2,459.0,459,23988,11994.0,at-risk
INV000210,3,258.5,457,25344,8448.0,at-risk
INV000211,3,210.0,275,21044,7014.67,at-risk
INV000213,3,76.0,144,10488,3496.0,regular
INV000214,3,181.5,213,26345,8781.67,at-risk
INV000215,2,91.0,91,54214,27107.0,at-risk
INV000217,4,182.0,363,32494,8123.5,at-risk
INV000219,3,317.5,513,42184,14061.33,at-risk
INV000220,3,270.0,336,16640,5546.67,at-risk
INV000222,4,39.7,62,18868,4717.0,regular
INV000224,3,117.0,174,77702,25900.67,at-risk
INV000225,2,208.0,208,11279,5639.5,at-risk
INV000226,3,123.5,212,5731,1910.33,at-risk
INV000227,3,62.0,68,25988,8662.67,regular
INV000228,7,45.7,91,223601,31943.0,regular
INV000229,2,301.0,301,18294,9147.0,at-risk
INV000230,2,32.0,32,19664,9832.0,regular
INV000231,4,89.3,179,15512,3878.0,regular
INV000234,3,200.5,216,79737,26579.0,at-risk
INV000235,2,147.0,147,3213,1606.5,at-risk
INV000238,3,182.0,335,124675,41558.33,at-risk
INV000243,2,640.0,640,35323,17661.5,at-risk
INV000245,2,203.0,203,9110,4555.0,at-risk
INV000249,3,164.5,300,156646,52215.33,at-risk
INV000255,4,49.0,92,19917,4979.25,regular
INV000257,3,331.5,610,49944,16648.0,at-risk
INV000259,3,303.5,332,8192,2730.67,at-risk
INV000260,3,101.5,183,32768,10922.67,at-risk
INV000261,2,510.0,510,28721,14360.5,at-risk
INV000263,3,168.5,182,71626,23875.33,at-risk
INV000265,2,454.0,454,33598,16799.0,at-risk
INV000267,2,302.0,302,22049,11024.5,at-risk
INV000276,3,121.5,145,7771,2590.33,at-risk
INV000279,7,111.5,326,47887,6841.0,at-risk
INV000280,4,193.3,335,83956,20989.0,at-risk
INV000283,3,268.0,295,17795,5931.67,at-risk
INV000284,2,61.0,61,23781,11890.5,regular
INV000287,3,193.5,203,6054,2018.0,at-risk
INV000288,2,399.0,399,61015,30507.5,at-risk
INV000289,4,149.3,239,52620,13155.0,at-risk
INV000291,3,240.5,424,64599,21533.0,at-risk
INV000292,2,27.0,27,61493,30746.5,regular
INV000293,2,88.0,88,28035,14017.5,regular
INV000303,2,153.0,153,13984,6992.0,at-risk
INV000304,4,141.7,236,52350,13087.5,at-risk
INV000306,3,268.0,390,11664,3888.0,at-risk
INV000308,2,88.0,88,8228,4114.0,regular
INV000309,4,130.0,304,7131,1782.75,at-risk
INV000310,3,179.0,295,5565,1855.0,at-risk
INV000312,4,32.7,64,73448,18362.0,regular
INV000314,2,60.0,60,4517,2258.5,regular
INV000315,3,95.5,185,14246,4748.67,at-risk
INV000316,2,90.0,90,9781,4890.5,regular
INV000319,2,121.0,121,9941,4970.5,at-risk
INV000320,2,70.0,70,22717,11358.5,regular
INV000321,4,173.0,266,70286,17571.5,at-risk
INV000328,4,140.7,184,33829,8457.25,at-risk
INV000329,2,88.0,88,1684,842.0,regular
INV000330,2,51.0,51,56545,28272.5,regular
INV000331,2,420.0,420,50991,25495.5,at-risk
INV000334,5,16.0,56,14680,2936.0,regular
INV000335,3,197.5,235,55659,18553.0,at-risk
INV000337,4,80.3,149,39357,9839.25,regular
INV000340,4,29.7,32,14400,3600.0,regular
INV000341,4,80.7,115,39238,9809.5,regular
INV000344,3,163.0,171,39100,13033.33,at-risk
INV000349,2,158.0,158,9184,4592.0,at-risk
INV000350,2,180.0,180,16928,8464.0,at-risk
INV000351,3,79.5,93,110015,36671.67,regular
INV000352,2,213.0,213,6728,3364.0,at-risk
INV000356,2,336.0,336,60233,30116.5,at-risk
INV000357,2,87.0,87,27937,13968.5,regular
INV000359,4,169.0,214,63464,15866.0,at-risk
INV000360,4,171.3,334,30405,7601.25,at-risk
INV000363,2,2.0,2,12981,6490.5,regular
INV000367,3,74.5,87,8866,2955.33,regular
INV000369,3,155.0,160,17623,5874.33,at-risk
INV000372,3,65.0,69,59008,19669.33,regular
INV000374,3,258.5,418,86272,28757.33,at-risk
INV000377,3,166.0,303,31569,10523.0,at-risk
INV000378,2,306.0,306,5611,2805.5,at-risk
INV000383,3,302.0,388,34990,11663.33,at-risk
INV000384,2,450.0,450,4243,2121.5,at-risk
INV000388,3,137.0,249,60899,20299.67,at-risk
INV000390,3,163.5,242,102028,34009.33,at-risk
INV000392,3,136.5,241,21695,7231.67,at-risk
INV000395,2,91.0,91,5617,2808.5,at-risk
INV000396,3,64.5,124,7914,2638.0,regular
INV000397,2,32.0,32,2937,1468.5,regular
INV000400,5,159.2,297,20709,4141.8,at-risk
INV000407,2,59.0,59,31128,15564.0,regular
INV000408,2,91.0,91,6972,3486.0,at-risk
INV000410,3,285.5,488,34478,11492.67,at-risk
INV000411,2,179.0,179,18329,9164.5,at-risk
INV000412,4,141.3,239,48661,12165.25,at-risk
INV000413,2,454.0,454,2809,1404.5,at-risk
INV000414,4,122.0,223,27614,6903.5,at-risk
INV000415,2,242.0,242,14000,7000.0,at-risk
INV000416,2,265.0,265,4016,2008.0,at-risk
INV000417,2,303.0,303,4198,2099.0,at-risk
INV000423,2,670.0,670,12912,6456.0,at-risk
INV000425,2,275.0,275,4688,2344.0,at-risk
INV000428,5,77.2,148,31427,6285.4,regular
INV000429,3,225.0,325,49066,16355.33,at-risk
INV000431,3,138.0,235,30458,10152.67,at-risk
INV000436,2,633.0,633,3865,1932.5,at-risk
INV000437,3,230.0,338,6131,2043.67,at-risk
INV000438,2,37.0,37,6765,3382.5,regular
INV000440,2,514.0,514,8342,4171.0,at-risk
INV000441,2,89.0,89,6278,3139.0,regular
INV000445,3,132.5,242,10733,3577.67,at-risk
INV000446,2,61.0,61,14018,7009.0,regular
INV000449,3,195.5,206,39056,13018.67,at-risk
INV000452,6,108.6,301,66366,11061.0,at-risk
INV000454,2,643.0,643,28375,14187.5,at-risk
INV000456,2,29.0,29,9555,4777.5,regular
INV000458,2,333.0,333,2964,1482.0,at-risk
INV000459,2,28.0,28,41950,20975.0,regular
INV000460,4,61.0,86,18504,4626.0,regular
INV000461,2,27.0,27,52441,26220.5,regular
INV000463,3,103.5,182,50099,16699.67,at-risk
INV000465,2,121.0,121,5006,2503.0,at-risk
INV000466,3,197.0,217,69508,23169.33,at-risk
INV000467,4,233.7,304,7593,1898.25,at-risk
INV000469,4,109.3,239,12444,3111.0,at-risk
INV000476,2,61.0,61,57269,28634.5,regular
INV000478,2,33.0,33,60372,30186.0,regular
INV000480,4,71.3,152,12466,3116.5,regular
INV000483,3,46.5,89,17529,5843.0,regular
INV000485,2,148.0,148,17695,8847.5,at-risk
INV000487,3,29.0,38,46886,15628.67,regular
INV000489,2,388.0,388,22248,11124.0,at-risk
INV000491,2,454.0,454,11627,5813.5,at-risk
INV000492,2,26.0,26,8265,4132.5,regular
INV000493,5,152.5,210,98628,19725.6,at-risk
INV000494,2,354.0,354,23198,11599.0,at-risk
INV000496,4,69.3,91,54555,13638.75,regular
INV000499,5,114.8,299,92833,18566.6,at-risk
INV000505,2,162.0,162,16935,8467.5,at-risk
INV000507,3,80.5,131,41418,13806.0,regular
INV000512,4,89.7,177,55759,13939.75,regular
INV000520,2,57.0,57,8553,4276.5,regular
INV000521,2,155.0,155,8807,4403.5,at-risk
INV000522,3,105.0,208,15826,5275.33,at-risk
INV000523,3,255.5,487,2779,926.33,at-risk
INV000524,3,225.0,422,53414,17804.67,at-risk
INV000527,2,93.0,93,43331,21665.5,at-risk
INV000530,2,185.0,185,59269,29634.5,at-risk
INV000531,3,208.5,357,33592,11197.33,at-risk
INV000533,2,93.0,93,83691,41845.5,at-risk
INV000535,3,276.0,549,49216,16405.33,at-risk
INV000538,2,33.0,33,83773,41886.5,regular
INV000539,4,113.3,239,48799,12199.75,at-risk
INV000540,3,89.0,90,25232,8410.67,regular
INV000542,3,79.0,94,8356,2785.33,regular
INV000543,2,123.0,123,69853,34926.5,at-risk
INV000544,2,150.0,150,14565,7282.5,at-risk
INV000545,2,206.0,206,7721,3860.5,at-risk
INV000546,5,68.2,152,84474,16894.8,regular
INV000547,3,135.0,151,8462,2820.67,at-risk
INV000548,2,487.0,487,2764,1382.0,at-risk
INV000550,2,246.0,246,8961,4480.5,at-risk
INV000554,3,164.0,240,22688,7562.67,at-risk
INV000555,2,29.0,29,27356,13678.0,regular
INV000556,4,152.0,359,41605,10401.25,at-risk
INV000559,2,88.0,88,58887,29443.5,regular
INV000562,3,243.5,426,10193,3397.67,at-risk
INV000565,2,23.0,23,14056,7028.0,regular
INV000568,2,210.0,210,2149,1074.5,at-risk
INV000569,2,274.0,274,36626,18313.0,at-risk
INV000570,5,113.5,238,70908,14181.6,at-risk
INV000572,2,97.0,97,15643,7821.5,at-risk
INV000573,2,32.0,32,45927,22963.5,regular
INV000575,3,257.5,480,20673,6891.0,at-risk
INV000577,3,109.0,123,53109,17703.0,at-risk
INV000578,3,272.0,424,43646,14548.67,at-risk
INV000580,2,303.0,303,58022,29011.0,at-risk
INV000584,2,338.0,338,2666,1333.0,at-risk
INV000586,3,106.5,124,51708,17236.0,at-risk
INV000587,2,693.0,693,9517,4758.5,at-risk
INV000591,2,545.0,545,3007,1503.5,at-risk
INV000593,2,298.0,298,12770,6385.0,at-risk
INV000595,3,57.0,61,11269,3756.33,regular
INV000596,3,199.0,277,71550,23850.0,at-risk
INV000597,4,64.0,93,37602,9400.5,regular
INV000598,3,106.5,189,24806,8268.67,at-risk
INV000600,2,126.0,126,30414,15207.0,at-risk
INV000601,3,48.0,67,16173,5391.0,regular
INV000602,2,120.0,120,24188,12094.0,at-risk
INV000603,3,199.0,253,10710,3570.0,at-risk
INV000604,3,168.5,219,75703,25234.33,at-risk
INV000607,3,60.0,90,21333,7111.0,regular
INV000609,2,4.0,4,9368,4684.0,regular
INV000611,2,300.0,300,10376,5188.0,at-risk
INV000612,4,100.0,209,16601,4150.25,at-risk
INV000615,2,449.0,449,8056,4028.0,at-risk
INV000616,4,183.7,299,5385,1346.25,at-risk
INV000619,2,30.0,30,11733,5866.5,regular
INV000624,2,187.0,187,33560,16780.0,at-risk
INV000625,2,155.0,155,2874,1437.0,at-risk
INV000631,3,119.5,143,33321,11107.0,at-risk
INV000641,4,131.0,236,45809,11452.25,at-risk
INV000642,3,30.5,38,42421,14140.33,regular
INV000645,3,148.0,211,21098,7032.67,at-risk
INV000646,3,181.0,244,5415,1805.0,at-risk
INV000651,3,123.0,236,14538,4846.0,at-risk
INV000652,2,113.0,113,26078,13039.0,at-risk
INV000657,3,273.0,483,46550,15516.67,at-risk
INV000659,2,5.0,5,2838,1419.0,regular
INV000662,4,193.7,272,21643,5410.75,at-risk
INV000663,2,4.0,4,2913,1456.5,regular
INV000664,4,149.7,172,39069,9767.25,at-risk
INV000665,4,101.0,122,23182,5795.5,at-risk
INV000666,2,93.0,93,8784,4392.0,at-risk
INV000667,2,146.0,146,30948,15474.0,at-risk
INV000671,2,236.0,236,8651,4325.5,at-risk
INV000675,3,209.5,268,16533,5511.0,at-risk
INV000676,8,81.4,183,109514,13689.25,regular
INV000678,4,180.7,272,6055,1513.75,at-risk
INV000680,2,511.0,511,2767,1383.5,at-risk
INV000683,2,172.0,172,2884,1442.0,at-risk
INV000687,2,282.0,282,9882,4941.0,at-risk
INV000689,2,93.0,93,27800,13900.0,at-risk
INV000695,2,638.0,638,2254,1127.0,at-risk
INV000696,2,120.0,120,10322,5161.0,at-risk
INV000698,3,121.0,151,49056,16352.0,at-risk
INV000701,2,144.0,144,5616,2808.0,at-risk
INV000704,2,38.0,38,5310,2655.0,regular
INV000707,5,150.5,389,39568,7913.6,at-risk
INV000708,2,542.0,542,10924,5462.0,at-risk
INV000709,3,137.5,182,66285,22095.0,at-risk
INV000711,2,305.0,305,11761,5880.5,at-risk
INV000714,3,134.5,236,6444,2148.0,at-risk
INV000715,2,388.0,388,1945,972.5,at-risk
INV000719,4,152.7,299,105703,26425.75,at-risk
INV000721,2,204.0,204,17735,8867.5,at-risk
INV000723,2,181.0,181,3477,1738.5,at-risk
INV000724,3,180.5,213,16454,5484.67,at-risk
INV000726,2,5.0,5,1359,679.5,regular
INV000728,2,477.0,477,35006,17503.0,at-risk
INV000737,3,244.0,454,68238,22746.0,at-risk
INV000738,3,269.0,275,10797,3599.0,at-risk
INV000739,2,65.0,65,10369,5184.5,regular
INV000741,2,151.0,151,37226,18613.0,at-risk
INV000742,3,196.5,391,59557,19852.33,at-risk
INV000745,2,454.0,454,8334,4167.0,at-risk
INV000747,2,573.0,573,6778,3389.0,at-risk
INV000750,2,360.0,360,34877,17438.5,at-risk
INV000751,4,92.3,185,23026,5756.5,at-risk
INV000752,3,153.5,212,23834,7944.67,at-risk
INV000754,4,203.3,326,86006,21501.5,at-risk
INV000756,2,214.0,214,29276,14638.0,at-risk
INV000759,3,93.0,182,6633,2211.0,at-risk
INV000762,2,57.0,57,12589,6294.5,regular
INV000765,2,181.0,181,4983,2491.5,at-risk
INV000768,5,173.0,277,69096,13819.2,at-risk
INV000769,2,451.0,451,15017,7508.5,at-risk
INV000771,3,256.0,335,13013,4337.67,at-risk
INV000772,2,249.0,249,55304,27652.0,at-risk
INV000774,3,287.5,362,77018,25672.67,at-risk
INV000776,2,487.0,487,13489,6744.5,at-risk
INV000777,2,32.0,32,15176,7588.0,regular
INV000778,3,209.5,267,32276,10758.67,at-risk
INV000781,3,168.0,190,49563,16521.0,at-risk
INV000783,3,151.0,214,72700,24233.33,at-risk
INV000785,2,357.0,357,5634,2817.0,at-risk
INV000786,3,60.5,64,20490,6830.0,regular
INV000788,3,94.5,98,25955,8651.67,at-risk
INV000789,4,181.7,304,83296,20824.0,at-risk
INV000792,2,303.0,303,17894,8947.0,at-risk
INV000793,3,302.0,359,20236,6745.33,at-risk
INV000803,4,201.0,574,24732,6183.0,at-risk
INV000809,2,93.0,93,8716,4358.0,at-risk
INV000810,3,288.5,483,53711,17903.67,at-risk
INV000813,3,152.0,274,24415,8138.33,at-risk
INV000814,2,179.0,179,39340,19670.0,at-risk
INV000822,3,152.5,158,49839,16613.0,at-risk
INV000823,2,245.0,245,23902,11951.0,at-risk
INV000825,2,124.0,124,13231,6615.5,at-risk
INV000827,3,76.0,126,6005,2001.67,regular
INV000829,3,108.5,146,16305,5435.0,at-risk
INV000830,2,326.0,326,3396,1698.0,at-risk
INV000831,4,90.0,155,21264,5316.0,regular
INV000833,2,6.0,6,12169,6084.5,regular
INV000836,4,113.3,266,81552,20388.0,at-risk
INV000843,4,140.7,308,48508,12127.0,at-risk
INV000844,5,159.2,358,34070,6814.0,at-risk
INV000845,2,329.0,329,7265,3632.5,at-risk
INV000847,4,118.7,174,12642,3160.5,at-risk
INV000850,2,28.0,28,6873,3436.5,regular
INV000851,3,238.0,364,16757,5585.67,at-risk
INV000852,3,259.5,304,24693,8231.0,at-risk
INV000853,2,633.0,633,14811,7405.5,at-risk
INV000854,4,203.3,482,57135,14283.75,at-risk
INV000855,2,430.0,430,1675,837.5,at-risk
INV000857,2,93.0,93,32172,16086.0,at-risk
INV000858,3,151.0,245,48257,16085.67,at-risk
INV000860,2,513.0,513,29411,14705.5,at-risk
INV000862,3,289.5,396,59139,19713.0,at-risk
INV000864,2,86.0,86,9145,4572.5,regular
INV000865,2,543.0,543,56841,28420.5,at-risk
INV000867,2,86.0,86,3222,1611.0,regular
INV000869,2,58.0,58,12912,6456.0,regular
INV000873,4,141.7,183,38988,9747.0,at-risk
INV000874,4,212.3,337,21246,5311.5,at-risk
INV000877,3,105.0,153,2039,679.67,at-risk
INV000879,2,33.0,33,4926,2463.0,regular
INV000881,3,41.0,50,6404,2134.67,regular
INV000885,2,212.0,212,5799,2899.5,at-risk
INV000888,3,150.5,182,39707,13235.67,at-risk
INV000890,2,91.0,91,2825,1412.5,at-risk
INV000893,4,104.3,191,12507,3126.75,at-risk
INV000894,3,133.0,234,21591,7197.0,at-risk
INV000897,3,301.0,545,18987,6329.0,at-risk
INV000901,2,5.0,5,7148,3574.0,regular
INV000902,3,120.0,146,58221,19407.0,at-risk
INV000907,2,2.0,2,9050,4525.0,regular
INV000908,2,182.0,182,6138,3069.0,at-risk
INV000909,4,170.0,305,32246,8061.5,at-risk
INV000910,2,181.0,181,4529,2264.5,at-risk
INV000914,2,83.0,83,24711,12355.5,regular
INV000919,2,604.0,604,8178,4089.0,at-risk
INV000920,4,213.3,357,95503,23875.75,at-risk
INV000926,3,229.0,268,9068,3022.67,at-risk
INV000927,3,107.0,121,57969,19323.0,at-risk
INV000929,2,692.0,692,10721,5360.5,at-risk
INV000930,4,119.7,296,17141,4285.25,at-risk
INV000931,3,317.5,509,40413,13471.0,at-risk
INV000934,2,59.0,59,5175,2587.5,regular
INV000935,4,110.7,217,11323,2830.75,at-risk
INV000939,4,150.0,416,52221,13055.25,at-risk
INV000942,3,72.0,122,80508,26836.0,regular
INV000944,2,213.0,213,66802,33401.0,at-risk
INV000947,2,92.0,92,41368,20684.0,at-risk
INV000949,3,243.5,329,27528,9176.0,at-risk
INV000953,2,217.0,217,15889,7944.5,at-risk
INV000954,4,214.7,392,33121,8280.25,at-risk
INV000958,2,150.0,150,60691,30345.5,at-risk
INV000960,2,92.0,92,13449,6724.5,at-risk
INV000962,3,58.0,60,12197,4065.67,regular
INV000963,2,454.0,454,10574,5287.0,at-risk
INV000966,2,87.0,87,23371,11685.5,regular
INV000971,2,423.0,423,3069,1534.5,at-risk
INV000972,2,5.0,5,7987,3993.5,regular
INV000974,3,332.0,550,18690,6230.0,at-risk
INV000977,3,258.5,426,22335,7445.0,at-risk
INV000978,2,223.0,223,11728,5864.0,at-risk
INV000979,5,128.0,305,133684,26736.8,at-risk
INV000980,4,190.0,325,131157,32789.25,at-risk
INV000981,4,128.7,204,66215,16553.75,at-risk
INV000983,3,141.5,252,22409,7469.67,at-risk
INV000990,2,9.0,9,8465,4232.5,regular
INV000992,2,269.0,269,17073,8536.5,at-risk
INV000994,4,109.3,187,31905,7976.25,at-risk
INV000995,2,385.0,385,15363,7681.5,at-risk
INV000997,2,116.0,116,30017,15008.5,at-risk
INV000999,4,70.3,145,60556,15139.0,regular
INV001001,2,517.0,517,2698,1349.0,at-risk
INV001002,7,51.3,97,38098,5442.57,regular
INV001005,4,111.7,180,16552,4138.0,at-risk
INV001006,3,49.5,62,73685,24561.67,regular
INV001008,5,150.0,395,54041,10808.2,at-risk
INV001011,3,138.5,155,54666,18222.0,at-risk
INV001012,2,66.0,66,3671,1835.5,regular
INV001013,3,153.5,301,76794,25598.0,at-risk
INV001014,3,244.0,307,32018,10672.67,at-risk
INV001017,2,302.0,302,6133,3066.5,at-risk
INV001019,5,174.2,363,42077,8415.4,at-risk
INV001020,2,211.0,211,74061,37030.5,at-risk
INV001021,3,168.0,204,36980,12326.67,at-risk
INV001023,2,345.0,345,11899,5949.5,at-risk
INV001026,3,110.5,188,16535,5511.67,at-risk
INV001028,3,303.0,390,29531,9843.67,at-risk
INV001029,2,132.0,132,25894,12947.0,at-risk
INV001031,2,121.0,121,82394,41197.0,at-risk
INV001037,5,120.8,244,55915,11183.0,at-risk
INV001038,2,145.0,145,3768,1884.0,at-risk
INV001039,5,120.8,152,17217,3443.4,at-risk
INV001041,4,122.3,218,57989,14497.25,at-risk
INV001046,2,507.0,507,4861,2430.5,at-risk
INV001048,4,190.0,361,26063,6515.75,at-risk
INV001050,2,449.0,449,2612,1306.0,at-risk
INV001051,4,171.0,452,31831,7957.75,at-risk
INV001058,3,210.0,326,4863,1621.0,at-risk
INV001060,2,477.0,477,5534,2767.0,at-risk
INV001061,4,121.7,176,64537,16134.25,at-risk
INV001063,4,81.0,99,11554,2888.5,regular
INV001064,3,47.0,88,59171,19723.67,regular
INV001065,3,303.0,515,26918,8972.67,at-risk
INV001067,2,453.0,453,5972,2986.0,at-risk
INV001069,4,201.3,299,33077,8269.25,at-risk
INV001070,3,275.5,339,97097,32365.67,at-risk
INV001075,2,81.0,81,26439,13219.5,regular
INV001077,2,92.0,92,20346,10173.0,at-risk
INV001080,2,598.0,598,12259,6129.5,at-risk
INV001083,3,193.5,299,59927,19975.67,at-risk
INV001091,2,394.0,394,7607,3803.5,at-risk
INV001092,2,71.0,71,29046,14523.0,regular
INV001099,2,155.0,155,28258,14129.0,at-risk
INV001101,3,256.0,333,7156,2385.33,at-risk
INV001102,5,81.5,145,58241,11648.2,regular
INV001106,2,208.0,208,11365,5682.5,at-risk
INV001109,2,88.0,88,4473,2236.5,regular
INV001111,2,61.0,61,57437,28718.5,regular
INV001112,3,133.0,202,23010,7670.0,at-risk
INV001115,3,182.5,302,16091,5363.67,at-risk
INV001116,3,166.5,247,51949,17316.33,at-risk
INV001122,2,132.0,132,16548,8274.0,at-risk
INV001123,2,23.0,23,3424,1712.0,regular
INV001124,2,187.0,187,54746,27373.0,at-risk
INV001128,2,4.0,4,57166,28583.0,regular
INV001130,3,105.5,206,67153,22384.33,at-risk
INV001131,2,449.0,449,4345,2172.5,at-risk
INV001137,5,119.2,390,28086,5617.2,at-risk
INV001140,2,693.0,693,7108,3554.0,at-risk
INV001142,4,201.7,266,40286,10071.5,at-risk
INV001144,2,60.0,60,27612,13806.0,regular
INV001150,2,326.0,326,46937,23468.5,at-risk
INV001152,3,119.0,188,16975,5658.33,at-risk
INV001155,2,117.0,117,7214,3607.0,at-risk
INV001156,2,641.0,641,36594,18297.0,at-risk
INV001157,2,333.0,333,11747,5873.5,at-risk
INV001160,6,121.8,332,27433,4572.17,at-risk
INV001161,3,46.0,83,69241,23080.33,regular
INV001163,4,81.3,153,15492,3873.0,regular
INV001167,2,0.0,0,49543,24771.5,regular
INV001168,3,208.0,302,15489,5163.0,at-risk
INV001170,4,162.0,234,66828,16707.0,at-risk
INV001178,4,89.7,98,12312,3078.0,regular
INV001180,2,332.0,332,43047,21523.5,at-risk
INV001181,4,121.0,240,74605,18651.25,at-risk
INV001183,4,88.7,207,7365,1841.25,regular
INV001186,3,16.0,29,9060,3020.0,regular
INV001190,5,105.8,243,38947,7789.4,at-risk
INV001193,2,235.0,235,16501,8250.5,at-risk
INV001195,2,299.0,299,9308,4654.0,at-risk
INV001196,2,696.0,696,53403,26701.5,at-risk
INV001198,2,241.0,241,31849,15924.5,at-risk
INV001202,6,138.2,420,35292,5882.0,at-risk
INV001206,4,141.0,220,67622,16905.5,at-risk
INV001207,2,116.0,116,67596,33798.0,at-risk
INV001208,2,387.0,387,35832,17916.0,at-risk
INV001210,5,83.2,184,19162,3832.4,regular
INV001212,2,298.0,298,10757,5378.5,at-risk
INV001215,2,274.0,274,27734,13867.0,at-risk
INV001217,2,206.0,206,8811,4405.5,at-risk
INV001218,2,274.0,274,2963,1481.5,at-risk
INV001219,5,63.0,96,66294,13258.8,regular
INV001220,2,81.0,81,1595,797.5,regular
INV001222,2,546.0,546,48426,24213.0,at-risk
INV001223,4,92.7,186,23923,5980.75,at-risk
INV001225,2,85.0,85,58687,29343.5,regular
INV001228,2,576.0,576,76217,38108.5,at-risk
INV001230,2,309.0,309,44172,22086.0,at-risk
INV001232,2,390.0,390,49057,24528.5,at-risk
INV001233,2,189.0,189,17885,8942.5,at-risk
INV001234,2,326.0,326,7516,3758.0,at-risk
INV001235,7,111.3,277,119878,17125.43,at-risk
INV001236,2,65.0,65,20173,10086.5,regular
INV001237,2,32.0,32,13287,6643.5,regular
INV001238,2,425.0,425,8190,4095.0,at-risk
INV001241,2,122.0,122,7801,3900.5,at-risk
INV001242,2,388.0,388,6799,3399.5,at-risk
INV001244,3,93.0,95,27190,9063.33,at-risk
INV001247,4,130.7,212,36076,9019.0,at-risk
INV001251,2,334.0,334,50356,25178.0,at-risk
INV001256,2,213.0,213,34408,17204.0,at-risk
INV001259,2,235.0,235,45039,22519.5,at-risk
INV001260,2,151.0,151,27477,13738.5,at-risk
INV001262,4,130.0,179,74680,18670.0,at-risk
INV001264,2,120.0,120,30107,15053.5,at-risk
INV001265,3,226.0,239,32884,10961.33,at-risk
INV001271,2,24.0,24,10568,5284.0,regular
INV001273,2,239.0,239,11913,5956.5,at-risk
INV001274,2,393.0,393,13095,6547.5,at-risk
INV001275,3,59.0,83,22753,7584.33,regular
INV001276,2,357.0,357,5298,2649.0,at-risk
INV001282,2,361.0,361,16406,8203.0,at-risk
INV001286,2,152.0,152,52514,26257.0,at-risk
INV001287,2,96.0,96,53789,26894.5,at-risk
INV001288,3,165.5,205,81819,27273.0,at-risk
INV001289,2,386.0,386,15846,7923.0,at-risk
INV001291,4,130.7,268,94697,23674.25,at-risk
INV001295,3,228.0,397,21758,7252.67,at-risk
INV001298,2,449.0,449,3954,1977.0,at-risk
INV001299,3,165.5,177,12599,4199.67,at-risk
INV001304,5,107.5,237,125441,25088.2,at-risk
INV001308,3,78.0,155,51567,17189.0,regular
INV001310,3,289.0,545,35097,11699.0,at-risk
INV001311,2,307.0,307,2341,1170.5,at-risk
INV001312,2,248.0,248,17371,8685.5,at-risk
INV001314,4,153.0,247,72460,18115.0,at-risk
INV001315,4,91.3,153,20395,5098.75,at-risk
INV001316,4,194.0,421,13572,3393.0,at-risk
INV001318,2,150.0,150,5889,2944.5,at-risk
INV001319,3,15.0,29,13158,4386.0,regular
INV001320,2,94.0,94,25997,12998.5,at-risk
INV001326,5,166.2,390,38891,7778.2,at-risk
INV001329,2,95.0,95,5464,2732.0,at-risk
INV001331,3,74.0,85,10154,3384.67,regular
INV001332,3,321.5,339,17621,5873.67,at-risk
INV001333,5,150.2,358,8714,1742.8,at-risk
INV001334,3,167.0,248,17648,5882.67,at-risk
INV001336,3,30.5,35,66268,22089.33,regular
INV001337,2,23.0,23,42297,21148.5,regular
INV001341,2,546.0,546,5063,2531.5,at-risk
INV001342,4,132.3,333,163708,40927.0,at-risk
INV001343,2,26.0,26,11329,5664.5,regular
INV001345,2,30.0,30,8001,4000.5,regular
INV001346,3,80.0,91,49123,16374.33,regular
INV001348,4,101.3,180,34131,8532.75,at-risk
INV001352,2,243.0,243,1532,766.0,at-risk
INV001355,2,122.0,122,14371,7185.5,at-risk
INV001356,4,122.0,214,28214,7053.5,at-risk
INV001357,2,66.0,66,12792,6396.0,regular
INV001359,5,99.2,242,79187,15837.4,at-risk
INV001362,2,59.0,59,5462,2731.0,regular
INV001363,3,72.0,124,88477,29492.33,regular
INV001365,2,30.0,30,8086,4043.0,regular
INV001366,3,76.5,85,22331,7443.67,regular
INV001367,3,351.5,644,27120,9040.0,at-risk
INV001369,2,363.0,363,10121,5060.5,at-risk
INV001370,2,451.0,451,15507,7753.5,at-risk
INV001375,3,275.0,393,13273,4424.33,at-risk
INV001376,4,170.3,244,2461,615.25,at-risk
INV001377,2,61.0,61,19329,9664.5,regular
INV001379,2,85.0,85,6328,3164.0,regular
INV001382,2,332.0,332,5063,2531.5,at-risk
INV001383,4,182.7,266,7980,1995.0,at-risk
INV001387,5,114.8,180,80674,16134.8,at-risk
INV001390,2,548.0,548,17122,8561.0,at-risk
INV001392,2,358.0,358,23363,11681.5,at-risk
INV001394,3,49.0,62,87364,29121.33,regular
INV001397,3,198.5,270,15414,5138.0,at-risk
INV001399,2,7.0,7,31537,15768.5,regular
INV001406,4,120.3,180,49422,12355.5,at-risk
INV001407,2,55.0,55,32867,16433.5,regular
INV001410,2,366.0,366,18778,9389.0,at-risk
INV001411,4,122.7,179,92317,23079.25,at-risk
INV001415,4,151.7,330,31657,7914.25,at-risk
INV001418,3,76.0,129,16386,5462.0,regular
INV001419,2,206.0,206,12923,6461.5,at-risk
INV001421,3,135.0,157,17725,5908.33,at-risk
INV001422,2,154.0,154,10469,5234.5,at-risk
INV001423,3,258.5,425,17591,5863.67,at-risk
INV001432,3,225.5,269,12733,4244.33,at-risk
INV001434,3,16.5,32,46896,15632.0,regular
INV001435,2,152.0,152,12503,6251.5,at-risk
INV001439,2,145.0,145,18359,9179.5,at-risk
INV001443,2,240.0,240,13313,6656.5,at-risk
INV001448,2,478.0,478,7405,3702.5,at-risk
INV001450,2,216.0,216,3762,1881.0,at-risk
INV001452,2,92.0,92,14592,7296.0,at-risk
INV001453,2,121.0,121,30908,15454.0,at-risk
INV001454,3,76.5,100,14372,4790.67,regular
INV001455,5,113.5,211,24806,4961.2,at-risk
INV001456,3,45.0,68,10415,3471.67,regular
INV001458,3,50.0,95,39225,13075.0,regular
INV001462,2,207.0,207,14457,7228.5,at-risk
INV001465,2,301.0,301,5951,2975.5,at-risk
INV001466,3,2.5,5,67160,22386.67,regular
INV001472,4,152.3,264,8377,2094.25,at-risk
INV001476,2,396.0,396,16756,8378.0,at-risk
INV001480,2,121.0,121,13328,6664.0,at-risk
INV001481,4,77.7,92,34289,8572.25,regular
INV001482,2,35.0,35,3043,1521.5,regular
INV001485,4,48.7,87,36491,9122.75,regular
INV001487,3,314.5,331,100742,33580.67,at-risk
INV001488,2,179.0,179,6467,3233.5,at-risk
INV001489,2,239.0,239,4595,2297.5,at-risk
INV001491,3,44.0,54,31044,10348.0,regular
INV001492,3,138.5,145,29785,9928.33,at-risk
INV001496,2,269.0,269,10678,5339.0,at-risk
INV001497,4,132.7,217,17619,4404.75,at-risk
INV001499,3,48.0,57,45138,15046.0,regular
INV001500,2,38.0,38,12181,6090.5,regular
INV001501,2,162.0,162,55746,27873.0,at-risk
INV001503,2,61.0,61,23957,11978.5,regular
INV001504,3,118.0,174,77730,25910.0,at-risk
INV001505,2,59.0,59,44828,22414.0,regular
INV001507,4,183.0,445,10944,2736.0,at-risk
INV001508,2,579.0,579,17439,8719.5,at-risk
INV001510,4,173.0,423,24782,6195.5,at-risk
INV001514,2,360.0,360,61438,30719.0,at-risk
INV001516,3,333.5,632,81314,27104.67,at-risk
INV001519,2,36.0,36,11864,5932.0,regular
INV001521,3,196.5,247,5865,1955.0,at-risk
INV001526,2,91.0,91,4842,2421.0,at-risk
INV001530,3,165.0,326,7421,2473.67,at-risk
INV001531,2,84.0,84,8495,4247.5,regular
INV001532,4,210.0,359,20959,5239.75,at-risk
INV001535,2,61.0,61,52063,26031.5,regular
INV001536,2,55.0,55,57269,28634.5,regular
INV001538,3,226.0,244,10999,3666.33,at-risk
INV001542,3,225.5,233,13052,4350.67,at-risk
INV001545,4,172.3,246,83754,20938.5,at-risk
INV001547,4,132.0,326,16178,4044.5,at-risk
INV001550,2,4.0,4,53413,26706.5,regular
INV001551,4,171.7,271,14415,3603.75,at-risk
INV001553,4,151.0,210,35672,8918.0,at-risk
INV001558,3,225.0,333,11803,3934.33,at-risk
INV001561,2,544.0,544,31678,15839.0,at-risk
INV001562,6,115.6,384,37517,6252.83,at-risk
INV001564,4,119.7,207,60059,15014.75,at-risk
INV001566,2,424.0,424,6973,3486.5,at-risk
INV001567,3,137.5,214,42931,14310.33,at-risk
INV001569,4,92.7,125,71692,17923.0,at-risk
INV001573,2,265.0,265,29771,14885.5,at-risk
INV001579,2,153.0,153,43103,21551.5,at-risk
INV001584,2,415.0,415,28103,14051.5,at-risk
INV001585,3,72.5,120,55160,18386.67,regular
INV001587,4,88.7,144,33374,8343.5,regular
INV001592,2,123.0,123,20172,10086.0,at-risk
INV001597,2,215.0,215,29881,14940.5,at-risk
INV001599,2,272.0,272,4642,2321.0,at-risk
INV001603,2,60.0,60,15976,7988.0,regular
INV001605,3,243.5,336,57180,19060.0,at-risk
INV001606,4,150.3,185,67936,16984.0,at-risk
INV001608,3,106.5,151,9880,3293.33,at-risk
INV001612,3,151.0,204,20962,6987.33,at-risk
INV001618,2,1.0,1,34215,17107.5,regular
INV001620,2,28.0,28,15719,7859.5,regular
INV001621,2,334.0,334,16138,8069.0,at-risk
INV001623,2,272.0,272,45778,22889.0,at-risk
INV001624,2,92.0,92,5706,2853.0,at-risk
INV001625,4,190.3,297,11284,2821.0,at-risk
INV001626,2,8.0,8,3171,1585.5,regular
INV001628,4,161.7,212,66314,16578.5,at-risk
INV001629,2,154.0,154,2381,1190.5,at-risk
INV001630,2,62.0,62,51862,25931.0,regular
INV001631,3,47.5,65,2936,978.67,regular
INV001636,5,129.5,326,20605,4121.0,at-risk
INV001640,2,152.0,152,27191,13595.5,at-risk
INV001641,4,149.7,329,23709,5927.25,at-risk
INV001643,2,152.0,152,3619,1809.5,at-risk
INV001644,2,188.0,188,86903,43451.5,at-risk
INV001646,2,191.0,191,46219,23109.5,at-risk
INV001649,2,37.0,37,4597,2298.5,regular
INV001650,3,155.5,242,36296,12098.67,at-risk
INV001651,3,19.5,36,33215,11071.67,regular
INV001652,2,180.0,180,60339,30169.5,at-risk
INV001654,3,287.5,541,10347,3449.0,at-risk
INV001655,2,27.0,27,22548,11274.0,regular
INV001656,3,152.5,215,12536,4178.67,at-risk
INV001658,2,696.0,696,15175,7587.5,at-risk
INV001660,2,173.0,173,6754,3377.0,at-risk
INV001663,3,122.0,240,16714,5571.33,at-risk
INV001665,2,125.0,125,3906,1953.0,at-risk
INV001666,2,92.0,92,52908,26454.0,at-risk
INV001669,2,59.0,59,13132,6566.0,regular
INV001670,2,83.0,83,82189,41094.5,regular
INV001672,3,110.0,217,36529,12176.33,at-risk
INV001673,4,89.3,210,15575,3893.75,regular
INV001674,2,270.0,270,8782,4391.0,at-risk
INV001679,2,232.0,232,25691,12845.5,at-risk
INV001680,5,143.0,334,23675,4735.0,at-risk
INV001683,4,113.0,174,76665,19166.25,at-risk
INV001687,2,91.0,91,10923,5461.5,at-risk
INV001688,3,272.0,273,20931,6977.0,at-risk
INV001690,4,130.0,270,37629,9407.25,at-risk
INV001692,2,92.0,92,20440,10220.0,at-risk
INV001694,4,50.3,85,80885,20221.25,regular
INV001695,3,137.0,271,13250,4416.67,at-risk
INV001696,3,71.5,90,14665,4888.33,regular
INV001697,4,173.0,459,54528,13632.0,at-risk
INV001699,4,83.3,224,24003,6000.75,regular
INV001701,2,82.0,82,14856,7428.0,regular
INV001705,3,77.0,150,45738,15246.0,regular
INV001709,3,137.0,208,33701,11233.67,at-risk
INV001711,2,448.0,448,7564,3782.0,at-risk
INV001712,2,177.0,177,4628,2314.0,at-risk
INV001716,2,60.0,60,9357,4678.5,regular
INV001718,3,117.5,214,62396,20798.67,at-risk
INV001720,3,208.5,363,38539,12846.33,at-risk
INV001724,4,141.0,244,81325,20331.25,at-risk
INV001727,2,8.0,8,24487,12243.5,regular
INV001728,3,148.0,232,76119,25373.0,at-risk
INV001732,2,183.0,183,25856,12928.0,at-risk
INV001734,3,225.0,331,4525,1508.33,at-risk
INV001735,3,57.0,89,47252,15750.67,regular
INV001736,4,152.0,274,12162,3040.5,at-risk
INV001737,5,31.0,61,90336,18067.2,regular
INV001738,5,105.0,331,63390,12678.0,at-risk
INV001739,3,77.5,127,26234,8744.67,regular
INV001740,2,177.0,177,30298,15149.0,at-risk
INV001742,2,97.0,97,6264,3132.0,at-risk
INV001744,3,33.0,56,71866,23955.33,regular
INV001746,4,22.3,30,29729,7432.25,regular
INV001747,2,246.0,246,41316,20658.0,at-risk
INV001748,2,92.0,92,5603,2801.5,at-risk
INV001752,2,241.0,241,6773,3386.5,at-risk
INV001753,5,143.0,269,60010,12002.0,at-risk
INV001757,2,281.0,281,1646,823.0,at-risk
INV001758,2,61.0,61,3450,1725.0,regular
INV001759,3,270.0,476,48169,16056.33,at-risk
INV001762,2,243.0,243,16690,8345.0,at-risk
INV001763,3,149.5,240,84161,28053.67,at-risk
INV001769,4,231.7,491,22826,5706.5,at-risk
INV001772,4,201.3,449,38404,9601.0,at-risk
INV001773,3,76.0,85,25637,8545.67,regular
INV001774,2,66.0,66,7233,3616.5,regular
INV001775,6,77.4,181,77064,12844.0,regular
INV001777,6,96.0,176,38550,6425.0,at-risk
INV001778,4,111.7,213,25527,6381.75,at-risk
INV001782,2,148.0,148,60389,30194.5,at-risk
INV001784,3,90.0,121,65528,21842.67,regular
INV001785,2,273.0,273,14660,7330.0,at-risk
INV001788,2,95.0,95,102720,51360.0,at-risk
INV001792,2,4.0,4,46900,23450.0,regular
INV001797,5,128.0,334,41809,8361.8,at-risk
INV001798,3,136.0,213,63333,21111.0,at-risk
INV001800,5,59.0,95,75303,15060.6,regular
INV001801,3,119.5,212,14316,4772.0,at-risk
INV001802,4,172.0,359,78489,19622.25,at-risk
INV001803,3,165.0,268,7909,2636.33,at-risk
INV001804,3,137.0,264,28460,9486.67,at-risk
INV001805,3,124.0,212,7420,2473.33,at-risk
INV001806,4,41.3,120,45439,11359.75,regular
INV001809,2,323.0,323,3305,1652.5,at-risk
INV001810,3,89.5,178,8922,2974.0,regular
INV001811,5,173.8,251,138171,27634.2,at-risk
INV001814,2,89.0,89,9206,4603.0,regular
INV001815,3,107.5,157,61344,20448.0,at-risk
INV001820,2,178.0,178,7574,3787.0,at-risk
INV001823,5,150.2,386,23019,4603.8,at-risk
INV001825,2,308.0,308,34324,17162.0,at-risk
INV001826,2,155.0,155,22337,11168.5,at-risk
INV001827,3,168.0,327,78488,26162.67,at-risk
INV001829,2,151.0,151,5530,2765.0,at-risk
INV001831,3,168.5,177,37121,12373.67,at-risk
INV001832,2,156.0,156,6416,3208.0,at-risk
INV001833,3,126.0,250,12069,4023.0,at-risk
INV001834,3,137.0,272,27280,9093.33,at-risk
INV001835,2,252.0,252,47600,23800.0,at-risk
INV001836,3,330.0,542,2603,867.67,at-risk
INV001837,2,481.0,481,1765,882.5,at-risk
INV001842,2,100.0,100,5605,2802.5,at-risk
INV001843,3,131.5,177,9548,3182.67,at-risk
INV001845,2,602.0,602,6320,3160.0,at-risk
INV001848,3,136.0,218,50145,16715.0,at-risk
INV001853,2,4.0,4,29264,14632.0,regular
INV001856,2,31.0,31,2925,1462.5,regular
INV001857,2,95.0,95,11407,5703.5,at-risk
INV001858,3,182.5,244,12818,4272.67,at-risk
INV001860,2,614.0,614,44713,22356.5,at-risk
INV001865,3,135.0,209,14681,4893.67,at-risk
INV001866,2,59.0,59,16673,8336.5,regular
INV001870,4,212.3,368,121280,30320.0,at-risk
INV001871,2,85.0,85,22677,11338.5,regular
INV001873,2,240.0,240,52959,26479.5,at-risk
INV001874,2,33.0,33,20378,10189.0,regular
INV001879,2,92.0,92,4291,2145.5,at-risk
INV001881,3,48.5,67,31114,10371.33,regular
INV001883,2,84.0,84,1415,707.5,regular
INV001885,2,188.0,188,3043,1521.5,at-risk
INV001886,2,178.0,178,5455,2727.5,at-risk
INV001887,2,245.0,245,23127,11563.5,at-risk
INV001888,3,58.5,91,35902,11967.33,regular
INV001890,3,258.0,270,2085,695.0,at-risk
INV001892,2,85.0,85,48029,24014.5,regular
INV001893,3,315.5,332,38038,12679.33,at-risk
INV001897,2,33.0,33,7652,3826.0,regular
INV001899,2,7.0,7,8647,4323.5,regular
INV001900,2,241.0,241,7809,3904.5,at-risk
INV001905,3,151.0,214,50784,16928.0,at-risk
INV001912,3,194.5,297,66974,22324.67,at-risk
INV001916,3,179.0,334,57682,19227.33,at-risk
INV001920,3,270.0,417,10348,3449.33,at-risk
INV001921,3,152.5,181,40035,13345.0,at-risk
INV001923,3,154.0,241,9020,3006.67,at-risk
INV001924,5,39.2,94,71131,14226.2,regular
INV001929,2,59.0,59,44647,22323.5,regular
INV001930,3,169.5,247,14542,4847.33,at-risk
INV001937,2,31.0,31,14872,7436.0,regular
INV001938,2,182.0,182,2823,1411.5,at-risk
INV001943,2,425.0,425,13267,6633.5,at-risk
INV001944,2,393.0,393,11394,5697.0,at-risk
INV001945,2,181.0,181,6282,3141.0,at-risk
INV001951,3,195.5,356,13772,4590.67,at-risk
INV001954,3,94.0,185,20817,6939.0,at-risk
INV001955,3,162.0,175,35011,11670.33,at-risk
INV001957,2,336.0,336,3382,1691.0,at-risk
INV001961,2,37.0,37,45184,22592.0,regular
INV001962,3,149.0,179,18121,6040.33,at-risk
INV001967,2,658.0,658,7998,3999.0,at-risk
INV001969,2,83.0,83,16396,8198.0,regular
INV001971,2,334.0,334,23420,11710.0,at-risk
INV001972,4,40.0,63,83222,20805.5,regular
INV001976,2,248.0,248,12706,6353.0,at-risk
INV001977,3,348.5,642,32711,10903.67,at-risk
INV001978,2,419.0,419,17241,8620.5,at-risk
INV001979,3,163.0,209,15513,5171.0,at-risk
INV001980,2,427.0,427,1473,736.5,at-risk
INV001982,2,212.0,212,36680,18340.0,at-risk
INV001983,3,212.0,216,5865,1955.0,at-risk
INV001985,2,24.0,24,76025,38012.5,regular
INV001986,2,605.0,605,34293,17146.5,at-risk
INV001990,4,150.3,266,56568,14142.0,at-risk
INV001993,2,129.0,129,22140,11070.0,at-risk
INV001997,2,85.0,85,3422,1711.0,regular
INV001999,2,2.0,2,10114,5057.0,regular
INV002006,2,4.0,4,23800,11900.0,regular
INV002010,2,270.0,270,45183,22591.5,at-risk
INV002012,3,86.5,153,7408,2469.33,regular
INV002017,2,29.0,29,16597,8298.5,regular
INV002018,3,208.0,329,4520,1506.67,at-risk
INV002019,6,133.6,205,50866,8477.67,at-risk
INV002025,4,58.3,115,40150,10037.5,regular
INV002026,3,244.0,448,97011,32337.0,at-risk
INV002030,2,91.0,91,13238,6619.0,at-risk
INV002032,2,149.0,149,2251,1125.5,at-risk
INV002033,2,67.0,67,18152,9076.0,regular
INV002034,4,101.3,266,35600,8900.0,at-risk
INV002035,2,213.0,213,108525,54262.5,at-risk
INV002036,2,154.0,154,59461,29730.5,at-risk
INV002037,2,0.0,0,50996,25498.0,regular
INV002038,2,330.0,330,14622,7311.0,at-risk
INV002040,2,236.0,236,22166,11083.0,at-risk
INV002041,2,245.0,245,5560,2780.0,at-risk
INV002047,2,364.0,364,6854,3427.0,at-risk
INV002050,2,395.0,395,11384,5692.0,at-risk
INV002052,2,7.0,7,60029,30014.5,regular
INV002054,5,71.0,126,26667,5333.4,regular
INV002056,3,155.0,162,29703,9901.0,at-risk
INV002059,2,209.0,209,21217,10608.5,at-risk
INV002060,2,363.0,363,33872,16936.0,at-risk
INV002065,3,255.5,491,67136,22378.67,at-risk
INV002067,3,63.0,64,67161,22387.0,regular
INV002069,4,211.7,458,69629,17407.25,at-risk
INV002070,2,430.0,430,23700,11850.0,at-risk
INV002075,2,183.0,183,3929,1964.5,at-risk
INV002077,3,110.0,219,19879,6626.33,at-risk
INV002082,2,83.0,83,16925,8462.5,regular
INV002083,5,82.2,180,71409,14281.8,regular
INV002085,4,192.0,361,22520,5630.0,at-risk
INV002088,2,6.0,6,40244,20122.0,regular
INV002090,4,81.7,181,24957,6239.25,regular
INV002092,3,152.5,156,25714,8571.33,at-risk
INV002095,3,122.0,215,49445,16481.67,at-risk
INV002101,2,273.0,273,2636,1318.0,at-risk
INV002106,2,515.0,515,10561,5280.5,at-risk
INV002107,4,71.7,122,73990,18497.5,regular
INV002108,2,211.0,211,51253,25626.5,at-risk
INV002110,2,183.0,183,19536,9768.0,at-risk
INV002111,4,132.0,238,12877,3219.25,at-risk
INV002112,4,180.3,273,42269,10567.25,at-risk
INV002113,2,163.0,163,6341,3170.5,at-risk
INV002116,2,34.0,34,27627,13813.5,regular
INV002117,3,76.5,90,44351,14783.67,regular
INV002119,2,303.0,303,37762,18881.0,at-risk
INV002121,3,165.0,243,30320,10106.67,at-risk
INV002122,3,269.0,356,26078,8692.67,at-risk
INV002124,2,477.0,477,20742,10371.0,at-risk
INV002125,5,89.5,177,18883,3776.6,regular
INV002126,2,213.0,213,44895,22447.5,at-risk
INV002127,3,62.5,95,11032,3677.33,regular
INV002128,2,208.0,208,16545,8272.5,at-risk
INV002129,3,74.5,97,3986,1328.67,regular
INV002130,3,94.5,95,15792,5264.0,at-risk
INV002131,3,210.0,397,5934,1978.0,at-risk
INV002137,2,543.0,543,9682,4841.0,at-risk
INV002138,3,171.0,219,12450,4150.0,at-risk
INV002139,2,302.0,302,54291,27145.5,at-risk
INV002142,4,83.3,125,43936,10984.0,regular
INV002143,2,180.0,180,1915,957.5,at-risk
INV002149,4,192.0,330,27962,6990.5,at-risk
INV002151,2,3.0,3,53315,26657.5,regular
INV002152,3,243.0,360,71432,23810.67,at-risk
INV002153,5,129.0,311,22092,4418.4,at-risk
INV002157,5,84.2,154,62692,12538.4,regular
INV002159,2,574.0,574,28530,14265.0,at-risk
INV002161,2,177.0,177,8828,4414.0,at-risk
INV002162,4,142.3,364,79048,19762.0,at-risk
INV002163,2,363.0,363,16887,8443.5,at-risk
INV002166,4,224.7,545,21984,5496.0,at-risk
INV002171,4,101.0,266,34908,8727.0,at-risk
INV002176,2,28.0,28,8083,4041.5,regular
INV002178,3,135.0,212,20586,6862.0,at-risk
INV002179,3,90.0,146,17817,5939.0,regular
INV002180,2,423.0,423,48109,24054.5,at-risk
INV002186,2,217.0,217,22176,11088.0,at-risk
INV002187,3,243.0,266,5698,1899.33,at-risk
INV002188,2,28.0,28,7579,3789.5,regular
INV002189,3,226.5,242,7006,2335.33,at-risk
INV002192,4,89.3,141,12772,3193.0,regular
INV002195,6,72.6,239,108650,18108.33,regular
INV002196,5,167.8,277,97862,19572.4,at-risk
INV002198,6,85.0,235,35424,5904.0,regular
INV002200,2,154.0,154,4688,2344.0,at-risk
INV002201,3,91.5,149,30180,10060.0,at-risk
INV002205,3,198.5,368,49667,16555.67,at-risk
INV002206,4,114.7,184,60697,15174.25,at-risk
INV002207,3,123.0,149,61386,20462.0,at-risk
INV002208,2,61.0,61,8714,4357.0,regular
INV002209,2,113.0,113,9846,4923.0,at-risk
INV002213,3,226.5,294,35331,11777.0,at-risk
INV002214,2,120.0,120,3362,1681.0,at-risk
INV002216,3,274.5,515,3614,1204.67,at-risk
INV002218,3,179.5,180,29580,9860.0,at-risk
INV002219,6,125.6,421,24461,4076.83,at-risk
INV002223,2,154.0,154,15221,7610.5,at-risk
INV002224,2,58.0,58,56866,28433.0,regular
INV002225,2,116.0,116,6563,3281.5,at-risk
INV002227,3,330.0,599,23797,7932.33,at-risk
INV002228,3,150.0,273,18712,6237.33,at-risk
INV002230,3,118.5,187,10519,3506.33,at-risk
INV002232,4,182.0,332,52653,13163.25,at-risk
INV002234,2,303.0,303,59153,29576.5,at-risk
INV002237,2,150.0,150,17301,8650.5,at-risk
INV002238,3,135.5,215,5972,1990.67,at-risk
INV002242,2,66.0,66,25014,12507.0,regular
INV002245,2,32.0,32,6553,3276.5,regular
INV002247,2,92.0,92,75739,37869.5,at-risk
INV002248,3,301.0,359,39566,13188.67,at-risk
INV002249,3,127.0,156,13429,4476.33,at-risk
INV002250,2,305.0,305,57149,28574.5,at-risk
INV002255,3,63.5,95,9530,3176.67,regular
INV002256,4,92.0,206,39275,9818.75,at-risk
INV002258,3,257.5,303,66790,22263.33,at-risk
INV002265,3,121.0,178,3983,1327.67,at-risk
INV002267,2,296.0,296,47560,23780.0,at-risk
INV002270,3,196.5,329,94171,31390.33,at-risk
INV002271,2,25.0,25,7686,3843.0,regular
INV002275,4,142.0,300,67010,16752.5,at-risk
INV002276,3,198.0,392,36453,12151.0,at-risk
INV002277,4,73.0,85,55305,13826.25,regular
INV002279,2,34.0,34,51745,25872.5,regular
INV002281,2,277.0,277,18318,9159.0,at-risk
INV002282,2,127.0,127,11061,5530.5,at-risk
INV002283,2,359.0,359,75000,37500.0,at-risk
INV002284,2,335.0,335,12157,6078.5,at-risk
INV002285,2,184.0,184,30008,15004.0,at-risk
INV002287,2,191.0,191,8407,4203.5,at-risk
INV002290,2,58.0,58,41560,20780.0,regular
INV002291,2,338.0,338,5649,2824.5,at-risk
INV002292,2,478.0,478,13543,6771.5,at-risk
INV002294,4,192.3,281,41519,10379.75,at-risk
INV002295,4,60.0,147,55447,13861.75,regular
INV002298,2,1.0,1,17377,8688.5,regular
INV002302,2,127.0,127,2738,1369.0,at-risk
INV002304,5,68.0,96,52589,10517.8,regular
INV002307,3,288.5,334,37996,12665.33,at-risk
INV002308,2,389.0,389,17666,8833.0,at-risk
INV002309,2,0.0,0,52802,26401.0,regular
INV002312,2,151.0,151,23751,11875.5,at-risk
INV002315,2,519.0,519,28797,14398.5,at-risk
INV002319,5,52.5,145,53411,10682.2,regular
INV002322,2,637.0,637,7559,3779.5,at-risk
INV002323,3,243.5,355,40077,13359.0,at-risk
INV002327,2,245.0,245,3274,1637.0,at-risk
INV002328,2,220.0,220,34350,17175.0,at-risk
INV002329,4,30.0,37,80477,20119.25,regular
INV002333,3,89.0,178,16426,5475.33,regular
INV002338,3,304.5,361,87485,29161.67,at-risk
INV002341,4,180.0,266,35291,8822.75,at-risk
INV002342,2,545.0,545,11158,5579.0,at-risk
INV002343,5,152.5,514,26048,5209.6,at-risk
INV002347,5,113.2,325,16331,3266.2,at-risk
INV002348,3,31.5,58,14912,4970.67,regular
INV002349,3,135.5,208,23917,7972.33,at-risk
INV002351,3,73.5,115,6228,2076.0,regular
INV002353,2,450.0,450,47613,23806.5,at-risk
INV002357,3,108.0,213,58162,19387.33,at-risk
INV002358,3,76.0,145,65379,21793.0,regular
INV002360,2,29.0,29,49273,24636.5,regular
INV002361,5,53.8,114,122013,24402.6,regular
INV002367,4,81.3,96,27443,6860.75,regular
INV002368,3,213.0,389,26398,8799.33,at-risk
INV002369,3,153.0,277,98657,32885.67,at-risk
INV002370,4,132.0,182,64739,16184.75,at-risk
INV002377,2,64.0,64,3004,1502.0,regular
INV002378,2,387.0,387,53145,26572.5,at-risk
INV002379,3,243.5,367,23068,7689.33,at-risk
INV002380,2,454.0,454,14961,7480.5,at-risk
INV002382,4,92.0,158,49744,12436.0,at-risk
INV002384,2,95.0,95,62813,31406.5,at-risk
INV002385,2,153.0,153,5447,2723.5,at-risk
INV002387,3,213.5,398,4515,1505.0,at-risk
INV002388,2,338.0,338,30987,15493.5,at-risk
INV002389,6,96.8,185,32588,5431.33,at-risk
INV002390,4,83.0,127,86853,21713.25,regular
INV002391,2,84.0,84,30152,15076.0,regular
INV002392,2,120.0,120,3558,1779.0,at-risk
INV002393,2,57.0,57,28774,14387.0,regular
INV002394,3,255.0,450,34195,11398.33,at-risk
INV002395,3,3.0,6,36632,12210.67,regular
INV002399,2,574.0,574,16333,8166.5,at-risk
INV002400,6,63.0,93,17935,2989.17,regular
INV002401,6,53.6,186,26512,4418.67,regular
INV002402,3,224.0,446,73043,24347.67,at-risk
INV002404,2,3.0,3,68711,34355.5,regular
INV002407,3,240.0,451,21685,7228.33,at-risk
INV002409,4,131.0,331,69166,17291.5,at-risk
INV002415,4,160.7,333,65114,16278.5,at-risk
INV002417,4,84.7,102,72463,18115.75,regular
INV002418,3,168.0,214,18424,6141.33,at-risk
INV002422,2,90.0,90,31037,15518.5,regular
INV002424,2,510.0,510,26576,13288.0,at-risk
INV002429,2,35.0,35,18548,9274.0,regular
INV002430,2,40.0,40,19291,9645.5,regular
INV002434,3,256.0,395,11512,3837.33,at-risk
INV002435,2,28.0,28,28647,14323.5,regular
INV002436,4,203.0,241,16148,4037.0,at-risk
INV002437,2,390.0,390,55499,27749.5,at-risk
INV002442,2,3.0,3,7979,3989.5,regular
INV002445,3,93.0,149,53470,17823.33,at-risk
INV002446,3,104.5,184,106132,35377.33,at-risk
INV002450,2,158.0,158,16323,8161.5,at-risk
INV002451,2,303.0,303,90042,45021.0,at-risk
INV002452,3,47.0,67,50662,16887.33,regular
INV002453,3,148.0,149,19645,6548.33,at-risk
INV002457,2,240.0,240,68550,34275.0,at-risk
INV002458,2,122.0,122,13095,6547.5,at-risk
INV002459,2,122.0,122,3875,1937.5,at-risk
INV002461,2,637.0,637,4062,2031.0,at-risk
INV002463,2,460.0,460,17579,8789.5,at-risk
INV002464,3,108.5,185,16272,5424.0,at-risk
INV002465,2,91.0,91,15763,7881.5,at-risk
INV002466,2,4.0,4,60263,30131.5,regular
INV002467,5,81.8,127,138335,27667.0,regular
INV002471,4,49.3,115,8179,2044.75,regular
INV002476,3,90.0,177,43494,14498.0,regular
INV002485,4,220.0,480,56462,14115.5,at-risk
INV002486,4,71.7,121,78272,19568.0,regular
INV002495,3,107.0,118,40222,13407.33,at-risk
INV002496,3,105.0,119,6158,2052.67,at-risk
INV002500,2,363.0,363,6747,3373.5,at-risk
INV002502,2,304.0,304,10678,5339.0,at-risk
INV002504,2,332.0,332,12115,6057.5,at-risk
INV002507,2,364.0,364,16604,8302.0,at-risk
INV002508,3,316.5,516,38666,12888.67,at-risk
INV002509,3,57.5,95,6424,2141.33,regular
INV002510,4,118.3,273,19060,4765.0,at-risk
INV002513,2,390.0,390,30886,15443.0,at-risk
INV002518,2,697.0,697,2695,1347.5,at-risk
INV002521,2,329.0,329,10639,5319.5,at-risk
INV002530,4,180.7,421,27913,6978.25,at-risk
INV002531,6,91.8,301,28573,4762.17,at-risk
INV002533,2,89.0,89,1227,613.5,regular
INV002535,2,61.0,61,10896,5448.0,regular
INV002540,3,242.5,455,6757,2252.33,at-risk
INV002542,3,167.0,175,13434,4478.0,at-risk
INV002543,4,111.7,189,17495,4373.75,at-risk
INV002547,3,302.0,579,12470,4156.67,at-risk
INV002548,3,228.5,324,63742,21247.33,at-risk
INV002549,2,213.0,213,8763,4381.5,at-risk
INV002551,2,325.0,325,55287,27643.5,at-risk
INV002552,3,88.5,89,17402,5800.67,regular
INV002553,2,239.0,239,64708,32354.0,at-risk
INV002554,2,52.0,52,26355,13177.5,regular
INV002555,2,358.0,358,58017,29008.5,at-risk
INV002558,2,273.0,273,18533,9266.5,at-risk
INV002560,4,93.3,127,15677,3919.25,at-risk
INV002566,2,93.0,93,8440,4220.0,at-risk
INV002568,2,518.0,518,63358,31679.0,at-risk
INV002570,2,267.0,267,3813,1906.5,at-risk
INV002572,3,208.5,303,13163,4387.67,at-risk
INV002575,4,211.7,418,74460,18615.0,at-risk
INV002577,2,34.0,34,49707,24853.5,regular
INV002579,2,121.0,121,69511,34755.5,at-risk
INV002582,2,485.0,485,9115,4557.5,at-risk
INV002585,3,16.5,32,35398,11799.33,regular
INV002586,2,59.0,59,12486,6243.0,regular
INV002590,6,97.0,152,33353,5558.83,at-risk
INV002591,5,142.5,323,24018,4803.6,at-risk
INV002593,3,164.5,329,26357,8785.67,at-risk
INV002594,2,59.0,59,28089,14044.5,regular
INV002596,2,91.0,91,2227,1113.5,at-risk
INV002598,4,181.7,267,30868,7717.0,at-risk
INV002602,5,104.8,325,37415,7483.0,at-risk
INV002604,4,141.7,268,21540,5385.0,at-risk
INV002606,4,183.0,425,18342,4585.5,at-risk
INV002610,2,19.0,19,9860,4930.0,regular
INV002613,2,300.0,300,10669,5334.5,at-risk
INV002621,2,335.0,335,2770,1385.0,at-risk
INV002622,2,365.0,365,18443,9221.5,at-risk
INV002625,2,298.0,298,1760,880.0,at-risk
INV002626,3,316.5,515,27860,9286.67,at-risk
INV002627,2,210.0,210,8177,4088.5,at-risk
INV002630,2,204.0,204,17250,8625.0,at-risk
INV002631,2,544.0,544,44730,22365.0,at-risk
INV002632,3,74.0,116,29609,9869.67,regular
INV002633,3,93.0,120,33742,11247.33,at-risk
INV002634,2,170.0,170,47351,23675.5,at-risk
INV002636,2,149.0,149,1410,705.0,at-risk
INV002639,4,179.3,359,32948,8237.0,at-risk
INV002640,2,5.0,5,17691,8845.5,regular
INV002641,2,145.0,145,4135,2067.5,at-risk
INV002642,4,222.3,306,43649,10912.25,at-risk
INV002643,3,259.0,393,13636,4545.33,at-risk
INV002645,2,95.0,95,14758,7379.0,at-risk
INV002647,2,5.0,5,22527,11263.5,regular
INV002648,3,226.5,271,4023,1341.0,at-risk
INV002652,2,483.0,483,17685,8842.5,at-risk
INV002654,3,15.0,20,34403,11467.67,regular
INV002659,2,422.0,422,53331,26665.5,at-risk
INV002660,3,42.5,63,11975,3991.67,regular
INV002666,3,94.0,186,25618,8539.33,at-risk
INV002668,2,602.0,602,6519,3259.5,at-risk
INV002671,2,112.0,112,50206,25103.0,at-risk
INV002674,2,548.0,548,53424,26712.0,at-risk
INV002675,4,180.3,331,71529,17882.25,at-risk
INV002679,4,173.3,388,67230,16807.5,at-risk
INV002681,2,476.0,476,57050,28525.0,at-risk
INV002684,4,131.0,180,26001,6500.25,at-risk
INV002687,4,212.7,391,98131,24532.75,at-risk
INV002688,3,151.5,242,82841,27613.67,at-risk
INV002689,4,80.7,149,16632,4158.0,regular
INV002693,5,134.5,269,112423,22484.6,at-risk
INV002696,2,4.0,4,26806,13403.0,regular
INV002697,2,204.0,204,3530,1765.0,at-risk
INV002700,4,109.3,155,32390,8097.5,at-risk
INV002702,2,25.0,25,2330,1165.0,regular
INV002704,4,172.0,311,37521,9380.25,at-risk
INV002705,4,90.0,181,15434,3858.5,regular
INV002708,3,46.0,91,16069,5356.33,regular
INV002709,2,238.0,238,38177,19088.5,at-risk
INV002711,2,58.0,58,31234,15617.0,regular
INV002712,5,173.5,395,36989,7397.8,at-risk
INV002716,2,185.0,185,6923,3461.5,at-risk
INV002717,2,273.0,273,15706,7853.0,at-risk
INV002718,3,75.0,148,11916,3972.0,regular
INV002722,3,257.5,455,7952,2650.67,at-risk
INV002725,2,35.0,35,18372,9186.0,regular
INV002726,5,90.0,214,28053,5610.6,regular
INV002732,5,152.2,272,35521,7104.2,at-risk
INV002733,6,120.2,184,52327,8721.17,at-risk
INV002735,2,423.0,423,55570,27785.0,at-risk
INV002736,2,242.0,242,41123,20561.5,at-risk
INV002743,3,134.0,185,20639,6879.67,at-risk
INV002744,2,334.0,334,18001,9000.5,at-risk
INV002746,4,122.7,246,30373,7593.25,at-risk
INV002747,2,0.0,0,21323,10661.5,regular
INV002748,2,216.0,216,2870,1435.0,at-risk
INV002750,2,325.0,325,4876,2438.0,at-risk
INV002751,3,93.5,184,9132,3044.0,at-risk
INV002752,2,30.0,30,6603,3301.5,regular
INV002754,4,57.7,116,80547,20136.75,regular
INV002761,4,223.0,427,36332,9083.0,at-risk
INV002762,2,517.0,517,35224,17612.0,at-risk
INV002765,3,136.5,244,4496,1498.67,at-risk
INV002766,2,603.0,603,56418,28209.0,at-risk
INV002767,2,244.0,244,13303,6651.5,at-risk
INV002769,3,178.5,329,38962,12987.33,at-risk
INV002772,4,49.0,93,12623,3155.75,regular
INV002774,4,221.0,398,87502,21875.5,at-risk
INV002775,2,154.0,154,2574,1287.0,at-risk
INV002776,2,9.0,9,3377,1688.5,regular
INV002779,3,227.5,247,94590,31530.0,at-risk
INV002780,4,211.3,364,20508,5127.0,at-risk
INV002783,3,48.0,59,27298,9099.33,regular
INV002784,3,60.5,119,48965,16321.67,regular
INV002786,3,178.5,206,55821,18607.0,at-risk
INV002787,4,192.7,427,32628,8157.0,at-risk
INV002788,2,98.0,98,6907,3453.5,at-risk
INV002791,2,244.0,244,15064,7532.0,at-risk
INV002794,2,300.0,300,6374,3187.0,at-risk
INV002798,3,196.5,269,77358,25786.0,at-risk
INV002800,2,150.0,150,15963,7981.5,at-risk
INV002802,2,62.0,62,8525,4262.5,regular
INV002804,4,162.0,269,26136,6534.0,at-risk
INV002806,2,365.0,365,30192,15096.0,at-risk
INV002809,2,93.0,93,6011,3005.5,at-risk
INV002810,4,168.7,298,86518,21629.5,at-risk
INV002818,2,394.0,394,4799,2399.5,at-risk
INV002822,3,286.5,328,15387,5129.0,at-risk
INV002824,4,110.0,209,62677,15669.25,at-risk
INV002825,2,185.0,185,5246,2623.0,at-risk
INV002828,2,85.0,85,7499,3749.5,regular
INV002829,2,212.0,212,5294,2647.0,at-risk
INV002830,3,255.0,304,31868,10622.67,at-risk
INV002831,3,59.5,91,21237,7079.0,regular
INV002832,2,389.0,389,11763,5881.5,at-risk
INV002834,2,640.0,640,26789,13394.5,at-risk
INV002835,4,122.0,191,34565,8641.25,at-risk
INV002840,3,271.5,512,34634,11544.67,at-risk
INV002841,3,225.5,387,10038,3346.0,at-risk
INV002843,3,255.0,481,27534,9178.0,at-risk
INV002847,5,91.2,152,28543,5708.6,at-risk
INV002850,3,87.0,88,23967,7989.0,regular
INV002852,2,5.0,5,60750,30375.0,regular
INV002854,2,21.0,21,4608,2304.0,regular
INV002856,3,76.0,99,79709,26569.67,regular
INV002859,2,152.0,152,25281,12640.5,at-risk
INV002860,3,257.5,305,61602,20534.0,at-risk
INV002862,4,151.7,240,6833,1708.25,at-risk
INV002863,3,61.0,121,58541,19513.67,regular
INV002864,3,148.0,269,7802,2600.67,at-risk
INV002867,2,480.0,480,13060,6530.0,at-risk
INV002868,3,95.5,181,73352,24450.67,at-risk
INV002872,2,325.0,325,13464,6732.0,at-risk
INV002874,2,237.0,237,11290,5645.0,at-risk
INV002877,2,148.0,148,16053,8026.5,at-risk
INV002879,3,223.5,330,42181,14060.33,at-risk
INV002881,3,125.0,129,62485,20828.33,at-risk
INV002882,2,573.0,573,7558,3779.0,at-risk
INV002883,4,191.3,395,61365,15341.25,at-risk
INV002890,4,223.7,313,53937,13484.25,at-risk
INV002891,4,102.3,125,76823,19205.75,at-risk
INV002893,5,167.5,213,24676,4935.2,at-risk
INV002895,2,215.0,215,30339,15169.5,at-risk
INV002898,2,152.0,152,5166,2583.0,at-risk
INV002899,3,149.0,154,4862,1620.67,at-risk
INV002900,2,174.0,174,13475,6737.5,at-risk
INV002901,2,190.0,190,3101,1550.5,at-risk
INV002903,2,249.0,249,8162,4081.0,at-risk
INV002904,3,225.5,234,4900,1633.33,at-risk
INV002905,3,195.5,365,36750,12250.0,at-risk
INV002906,2,96.0,96,7845,3922.5,at-risk
INV002908,2,219.0,219,3468,1734.0,at-risk
INV002909,2,96.0,96,36341,18170.5,at-risk
INV002912,2,396.0,396,12194,6097.0,at-risk
INV002913,3,287.0,398,23194,7731.33,at-risk
INV002914,2,122.0,122,63321,31660.5,at-risk
INV002915,4,202.3,273,82438,20609.5,at-risk
INV002917,3,213.5,274,6955,2318.33,at-risk
INV002921,2,27.0,27,46973,23486.5,regular
INV002924,2,271.0,271,50519,25259.5,at-risk
INV002927,4,231.0,634,59259,14814.75,at-risk
INV002930,2,22.0,22,31383,15691.5,regular
INV002931,5,135.2,270,56457,11291.4,at-risk
INV002933,3,61.0,92,50380,16793.33,regular
INV002934,2,28.0,28,1044,522.0,regular
INV002935,4,159.0,269,24353,6088.25,at-risk
INV002940,2,30.0,30,4122,2061.0,regular
INV002941,4,90.3,113,40145,10036.25,at-risk
INV002942,3,134.0,209,59765,19921.67,at-risk
INV002944,2,55.0,55,27700,13850.0,regular
INV002945,2,211.0,211,54087,27043.5,at-risk
INV002947,2,220.0,220,11533,5766.5,at-risk
INV002949,3,288.5,543,63727,21242.33,at-risk
INV002950,2,205.0,205,9489,4744.5,at-risk
INV002951,6,114.2,385,40564,6760.67,at-risk
INV002953,2,330.0,330,7452,3726.0,at-risk
INV002954,2,213.0,213,13356,6678.0,at-risk
INV002957,2,208.0,208,45879,22939.5,at-risk
INV002961,3,290.5,397,21611,7203.67,at-risk
INV002964,3,182.0,271,15899,5299.67,at-risk
INV002968,4,171.7,242,66632,16658.0,at-risk
INV002969,2,124.0,124,11720,5860.0,at-risk
INV002973,2,61.0,61,18311,9155.5,regular
INV002974,3,256.5,419,28430,9476.67,at-risk
INV002980,2,234.0,234,3594,1797.0,at-risk
INV002982,3,164.0,297,15620,5206.67,at-risk
INV002989,4,212.7,359,74659,18664.75,at-risk
INV002993,2,242.0,242,14538,7269.0,at-risk
INV002996,2,32.0,32,30041,15020.5,regular
INV003000,2,184.0,184,16479,8239.5,at-risk
INV003003,4,162.7,298,32674,8168.5,at-risk
INV003005,4,121.0,301,12375,3093.75,at-risk
INV003007,5,173.2,548,15494,3098.8,at-risk
INV003009,2,296.0,296,1631,815.5,at-risk
INV003011,2,365.0,365,15173,7586.5,at-risk
INV003012,3,301.5,357,56954,18984.67,at-risk
INV003014,4,50.0,61,145290,36322.5,regular
INV003015,2,34.0,34,43665,21832.5,regular
INV003017,3,154.0,305,6265,2088.33,at-risk
INV003018,2,268.0,268,8711,4355.5,at-risk
INV003022,2,451.0,451,3104,1552.0,at-risk
INV003023,2,117.0,117,1018,509.0,at-risk
INV003024,4,129.3,175,46312,11578.0,at-risk
INV003028,5,99.2,211,73585,14717.0,at-risk
INV003033,3,258.5,488,68617,22872.33,at-risk
INV003034,4,191.3,394,6866,1716.5,at-risk
INV003036,2,693.0,693,7478,3739.0,at-risk
INV003037,5,129.2,303,39110,7822.0,at-risk
INV003040,3,243.5,415,7240,2413.33,at-risk
INV003041,2,239.0,239,5522,2761.0,at-risk
INV003044,2,176.0,176,5113,2556.5,at-risk
INV003045,3,42.5,56,28923,9641.0,regular
INV003047,2,394.0,394,19685,9842.5,at-risk
INV003052,2,219.0,219,19984,9992.0,at-risk
INV003053,2,68.0,68,25335,12667.5,regular
INV003054,2,182.0,182,7992,3996.0,at-risk
INV003055,3,166.5,218,15630,5210.0,at-risk
INV003057,4,201.3,542,27062,6765.5,at-risk
INV003060,2,141.0,141,14444,7222.0,at-risk
INV003061,3,254.5,478,2972,990.67,at-risk
INV003063,3,63.0,120,9252,3084.0,regular
INV003067,2,236.0,236,28292,14146.0,at-risk
INV003069,2,149.0,149,8867,4433.5,at-risk
INV003070,3,41.5,63,55969,18656.33,regular
INV003073,2,238.0,238,30257,15128.5,at-risk
INV003074,3,150.0,296,56710,18903.33,at-risk
INV003075,5,135.0,333,62114,12422.8,at-risk
INV003077,2,101.0,101,30225,15112.5,at-risk
INV003078,4,59.0,113,51570,12892.5,regular
INV003079,3,120.5,220,14370,4790.0,at-risk
INV003081,2,87.0,87,64587,32293.5,regular
INV003082,4,119.0,265,12950,3237.5,at-risk
INV003084,2,143.0,143,54098,27049.0,at-risk
INV003089,2,6.0,6,12236,6118.0,regular
INV003090,3,255.0,334,13524,4508.0,at-risk
INV003091,4,210.0,328,9145,2286.25,at-risk
INV003095,3,290.5,544,27239,9079.67,at-risk
INV003097,5,77.0,162,82424,16484.8,regular
INV003098,2,276.0,276,38079,19039.5,at-risk
INV003099,2,182.0,182,3580,1790.0,at-risk
INV003101,2,38.0,38,7966,3983.0,regular
INV003102,3,166.5,263,73145,24381.67,at-risk
INV003103,4,149.3,335,17720,4430.0,at-risk
INV003105,2,632.0,632,6323,3161.5,at-risk
INV003110,2,2.0,2,1964,982.0,regular
INV003112,2,28.0,28,4611,2305.5,regular
INV003113,2,182.0,182,17745,8872.5,at-risk
INV003115,3,32.5,38,84652,28217.33,regular
INV003116,2,246.0,246,2143,1071.5,at-risk
INV003117,3,133.5,183,14581,4860.33,at-risk
INV003120,2,209.0,209,8829,4414.5,at-risk
INV003121,2,118.0,118,13494,6747.0,at-risk
INV003124,3,62.5,122,15440,5146.67,regular
INV003125,2,271.0,271,8783,4391.5,at-risk
INV003132,2,427.0,427,4750,2375.0,at-risk
INV003134,3,64.5,121,26253,8751.0,regular
INV003139,2,307.0,307,8651,4325.5,at-risk
INV003140,3,254.5,297,19776,6592.0,at-risk
INV003146,5,175.5,284,44812,8962.4,at-risk
INV003151,3,154.5,302,35199,11733.0,at-risk
INV003160,2,337.0,337,10876,5438.0,at-risk
INV003161,3,110.0,181,33207,11069.0,at-risk
INV003165,2,361.0,361,10277,5138.5,at-risk
INV003167,3,148.0,276,52763,17587.67,at-risk
INV003168,2,242.0,242,12235,6117.5,at-risk
INV003169,3,210.0,267,23753,7917.67,at-risk
INV003171,2,123.0,123,13639,6819.5,at-risk
INV003173,3,76.0,93,38692,12897.33,regular
INV003176,3,179.5,301,80250,26750.0,at-risk
INV003178,2,177.0,177,20205,10102.5,at-risk
INV003179,4,191.0,234,31486,7871.5,at-risk
INV003181,2,53.0,53,26994,13497.0,regular
INV003187,6,140.6,301,35694,5949.0,at-risk
INV003188,3,30.5,33,21475,7158.33,regular
INV003189,3,108.0,208,7495,2498.33,at-risk
INV003190,2,295.0,295,11301,5650.5,at-risk
INV003191,2,302.0,302,12709,6354.5,at-risk
INV003192,2,514.0,514,14832,7416.0,at-risk
INV003193,3,140.0,215,54083,18027.67,at-risk
INV003196,2,88.0,88,10990,5495.0,regular
INV003197,2,244.0,244,7918,3959.0,at-risk
INV003198,2,50.0,50,53649,26824.5,regular
INV003201,2,449.0,449,11001,5500.5,at-risk
INV003202,3,243.5,486,61649,20549.67,at-risk
INV003203,2,153.0,153,14630,7315.0,at-risk
INV003205,4,150.0,303,37477,9369.25,at-risk
INV003206,4,119.3,177,45268,11317.0,at-risk
INV003208,3,169.5,333,8694,2898.0,at-risk
INV003209,2,356.0,356,23504,11752.0,at-risk
INV003210,4,140.7,212,4428,1107.0,at-risk
INV003211,2,545.0,545,59561,29780.5,at-risk
INV003214,2,696.0,696,5064,2532.0,at-risk
INV003215,2,249.0,249,15723,7861.5,at-risk
INV003218,3,137.5,182,48836,16278.67,at-risk
INV003219,5,69.2,96,110473,22094.6,regular
INV003220,3,78.5,126,31319,10439.67,regular
INV003222,3,240.0,308,10876,3625.33,at-risk
INV003225,2,366.0,366,6444,3222.0,at-risk
INV003226,2,179.0,179,108124,54062.0,at-risk
INV003228,3,320.0,609,74023,24674.33,at-risk
INV003230,4,149.0,325,45792,11448.0,at-risk
INV003232,2,122.0,122,30300,15150.0,at-risk
INV003234,2,387.0,387,7303,3651.5,at-risk
INV003236,5,96.2,149,44750,8950.0,at-risk
INV003237,2,265.0,265,23005,11502.5,at-risk
INV003238,2,33.0,33,57409,28704.5,regular
INV003239,2,185.0,185,20552,10276.0,at-risk
INV003240,2,255.0,255,8975,4487.5,at-risk
INV003242,4,132.0,212,25765,6441.25,at-risk
INV003243,2,509.0,509,4315,2157.5,at-risk
INV003244,2,450.0,450,16074,8037.0,at-risk
INV003250,2,546.0,546,12112,6056.0,at-risk
INV003252,4,152.0,294,77179,19294.75,at-risk
INV003253,4,130.3,243,9749,2437.25,at-risk
INV003257,3,314.0,324,85302,28434.0,at-risk
INV003260,3,258.5,512,14472,4824.0,at-risk
INV003263,3,214.0,400,75856,25285.33,at-risk
INV003267,3,31.5,32,13698,4566.0,regular
INV003269,2,180.0,180,6100,3050.0,at-risk
INV003271,4,172.0,395,9215,2303.75,at-risk
INV003272,3,240.5,363,98988,32996.0,at-risk
INV003273,4,211.7,266,85220,21305.0,at-risk
INV003277,3,166.5,241,32520,10840.0,at-risk
INV003279,4,61.3,147,92290,23072.5,regular
INV003280,2,391.0,391,49477,24738.5,at-risk
INV003288,2,360.0,360,4923,2461.5,at-risk
INV003289,4,140.0,301,50834,12708.5,at-risk
INV003294,2,298.0,298,15822,7911.0,at-risk
INV003295,2,28.0,28,3552,1776.0,regular
INV003297,2,120.0,120,9974,4987.0,at-risk
INV003301,4,131.0,216,77836,19459.0,at-risk
INV003302,3,121.0,215,23627,7875.67,at-risk
INV003304,3,256.0,362,100521,33507.0,at-risk
INV003305,2,388.0,388,31280,15640.0,at-risk
INV003309,2,395.0,395,16797,8398.5,at-risk
INV003310,3,164.5,175,3578,1192.67,at-risk
INV003311,3,78.5,90,29159,9719.67,regular
INV003312,2,247.0,247,11876,5938.0,at-risk
INV003313,3,62.0,94,11471,3823.67,regular
INV003314,4,181.7,331,85584,21396.0,at-risk
INV003317,5,113.2,390,69482,13896.4,at-risk
INV003319,2,10.0,10,16192,8096.0,regular
INV003320,4,61.3,146,54536,13634.0,regular
INV003321,4,78.3,121,26270,6567.5,regular
INV003322,2,73.0,73,6092,3046.0,regular
INV003325,5,104.5,269,19115,3823.0,at-risk
INV003326,2,11.0,11,28499,14249.5,regular
INV003328,2,84.0,84,17703,8851.5,regular
INV003329,3,226.0,275,74151,24717.0,at-risk
INV003332,2,236.0,236,3178,1589.0,at-risk
INV003336,3,194.0,306,57861,19287.0,at-risk
INV003340,2,60.0,60,49062,24531.0,regular
INV003341,3,138.5,216,15978,5326.0,at-risk
INV003342,2,178.0,178,66724,33362.0,at-risk
INV003344,2,112.0,112,7928,3964.0,at-risk
INV003347,3,120.5,215,10440,3480.0,at-risk
INV003352,4,133.0,210,54172,13543.0,at-risk
INV003357,2,29.0,29,12347,6173.5,regular
INV003360,4,110.7,182,46674,11668.5,at-risk
INV003366,3,181.0,269,37420,12473.33,at-risk
INV003370,2,264.0,264,21498,10749.0,at-risk
INV003372,3,140.0,191,13112,4370.67,at-risk
INV003374,4,101.0,147,24590,6147.5,at-risk
INV003375,4,181.0,361,78539,19634.75,at-risk
INV003376,4,88.7,236,60016,15004.0,regular
INV003377,2,85.0,85,5927,2963.5,regular
INV003379,2,581.0,581,28052,14026.0,at-risk
INV003380,3,155.0,184,17873,5957.67,at-risk
INV003383,2,242.0,242,10956,5478.0,at-risk
INV003388,4,171.3,304,30014,7503.5,at-risk
INV003391,3,134.5,209,64127,21375.67,at-risk
INV003393,3,335.0,511,53629,17876.33,at-risk
INV003394,2,49.0,49,15884,7942.0,regular
INV003395,2,335.0,335,27436,13718.0,at-risk
INV003398,3,239.5,449,30053,10017.67,at-risk
INV003401,2,92.0,92,16437,8218.5,at-risk
INV003402,2,92.0,92,22297,11148.5,at-risk
INV003403,3,141.5,282,35303,11767.67,at-risk
INV003404,5,84.0,244,62671,12534.2,regular
INV003405,4,191.3,419,33419,8354.75,at-risk
INV003406,4,182.7,331,64255,16063.75,at-risk
INV003407,5,150.5,486,24849,4969.8,at-risk
INV003409,2,157.0,157,7060,3530.0,at-risk
INV003410,3,194.5,334,19810,6603.33,at-risk
INV003411,4,132.7,241,65216,16304.0,at-risk
INV003414,2,610.0,610,24878,12439.0,at-risk
INV003415,3,74.0,86,24276,8092.0,regular
INV003417,2,124.0,124,5860,2930.0,at-risk
INV003419,2,301.0,301,32535,16267.5,at-risk
INV003420,3,228.5,424,5174,1724.67,at-risk
INV003421,2,245.0,245,14508,7254.0,at-risk
INV003422,3,65.0,73,72225,24075.0,regular
INV003423,3,117.0,183,11798,3932.67,at-risk
INV003424,4,62.3,87,48642,12160.5,regular
INV003425,2,5.0,5,22707,11353.5,regular
INV003427,5,61.8,92,95304,19060.8,regular
INV003430,2,327.0,327,24017,12008.5,at-risk
INV003431,2,245.0,245,48786,24393.0,at-risk
INV003435,2,3.0,3,1346,673.0,regular
INV003437,4,171.7,273,39896,9974.0,at-risk
INV003438,2,243.0,243,13332,6666.0,at-risk
INV003439,2,1.0,1,37807,18903.5,regular
INV003443,2,90.0,90,7102,3551.0,regular
INV003444,3,198.0,273,15607,5202.33,at-risk
INV003446,2,450.0,450,17137,8568.5,at-risk
INV003448,3,137.0,143,7869,2623.0,at-risk
INV003450,6,83.8,242,64325,10720.83,regular
INV003451,3,59.5,93,17298,5766.0,regular
INV003452,2,171.0,171,4654,2327.0,at-risk
INV003453,2,545.0,545,11684,5842.0,at-risk
INV003454,2,149.0,149,10795,5397.5,at-risk
INV003455,2,337.0,337,14267,7133.5,at-risk
INV003456,2,359.0,359,18801,9400.5,at-risk
INV003457,4,210.7,358,35706,8926.5,at-risk
INV003458,4,162.0,183,26152,6538.0,at-risk
INV003459,3,150.5,151,32852,10950.67,at-risk
INV003462,2,581.0,581,41439,20719.5,at-risk
INV003469,2,8.0,8,19700,9850.0,regular
INV003470,2,175.0,175,6404,3202.0,at-risk
INV003471,3,121.5,214,9161,3053.67,at-risk
INV003473,4,61.3,124,18318,4579.5,regular
INV003475,5,99.0,206,60614,12122.8,at-risk
INV003477,3,240.0,397,18713,6237.67,at-risk
INV003478,2,324.0,324,5742,2871.0,at-risk
INV003479,4,92.0,177,58623,14655.75,at-risk
INV003480,3,226.0,422,16299,5433.0,at-risk
INV003484,2,182.0,182,60560,30280.0,at-risk
INV003491,4,170.0,272,12112,3028.0,at-risk
INV003492,3,225.5,338,9953,3317.67,at-risk
INV003494,3,222.5,364,8405,2801.67,at-risk
INV003495,3,18.5,32,31766,10588.67,regular
INV003500,2,306.0,306,59802,29901.0,at-risk
INV003506,2,124.0,124,11975,5987.5,at-risk
INV003510,2,324.0,324,13092,6546.0,at-risk
INV003511,4,162.3,329,25746,6436.5,at-risk
INV003513,3,104.5,179,17759,5919.67,at-risk
INV003514,3,121.0,124,65816,21938.67,at-risk
INV003515,2,186.0,186,13816,6908.0,at-risk
INV003519,2,208.0,208,28166,14083.0,at-risk
INV003523,2,477.0,477,3511,1755.5,at-risk
INV003524,3,181.5,360,38546,12848.67,at-risk
INV003525,4,140.7,251,16546,4136.5,at-risk
INV003526,2,488.0,488,8371,4185.5,at-risk
INV003527,3,273.0,422,5094,1698.0,at-risk
INV003528,4,81.3,121,116713,29178.25,regular
INV003529,2,180.0,180,2512,1256.0,at-risk
INV003530,3,239.5,356,48844,16281.33,at-risk
INV003531,2,149.0,149,7844,3922.0,at-risk
INV003533,4,140.0,357,19326,4831.5,at-risk
INV003534,3,91.5,153,12552,4184.0,at-risk
INV003536,3,49.0,62,48102,16034.0,regular
INV003537,3,242.5,334,21797,7265.67,at-risk
INV003539,2,2.0,2,36648,18324.0,regular
INV003541,2,176.0,176,26017,13008.5,at-risk
INV003543,2,85.0,85,18902,9451.0,regular
INV003544,2,114.0,114,49398,24699.0,at-risk
INV003549,2,90.0,90,44133,22066.5,regular
INV003553,2,94.0,94,14290,7145.0,at-risk
INV003556,3,316.5,354,12519,4173.0,at-risk
INV003557,4,149.7,305,43684,10921.0,at-risk
INV003558,3,136.5,210,9921,3307.0,at-risk
INV003559,4,60.0,65,31390,7847.5,regular
INV003563,2,5.0,5,4081,2040.5,regular
INV003564,3,79.5,95,95540,31846.67,regular
INV003565,3,165.0,328,8006,2668.67,at-risk
INV003568,2,327.0,327,27013,13506.5,at-risk
INV003569,2,238.0,238,13646,6823.0,at-risk
INV003570,2,334.0,334,17561,8780.5,at-risk
INV003573,3,93.0,155,128025,42675.0,at-risk
INV003576,2,629.0,629,2621,1310.5,at-risk
INV003577,4,161.0,364,57263,14315.75,at-risk
INV003578,2,123.0,123,18806,9403.0,at-risk
INV003579,2,215.0,215,64965,32482.5,at-risk
INV003581,4,101.7,184,14615,3653.75,at-risk
INV003582,2,601.0,601,9291,4645.5,at-risk
INV003583,3,166.0,265,7009,2336.33,at-risk
INV003586,5,134.8,209,18988,3797.6,at-risk
INV003587,2,239.0,239,31769,15884.5,at-risk
INV003590,2,66.0,66,59438,29719.0,regular
INV003592,3,136.0,244,57780,19260.0,at-risk
INV003593,3,211.0,275,71498,23832.67,at-risk
INV003595,2,117.0,117,24314,12157.0,at-risk
INV003598,3,73.0,112,12407,4135.67,regular
INV003600,3,198.0,270,6976,2325.33,at-risk
INV003601,2,570.0,570,7386,3693.0,at-risk
INV003602,3,335.5,399,2842,947.33,at-risk
INV003604,2,575.0,575,65836,32918.0,at-risk
INV003607,3,60.5,120,10646,3548.67,regular
INV003611,4,223.7,607,54114,13528.5,at-risk
INV003612,3,92.5,179,7468,2489.33,at-risk
INV003613,2,570.0,570,12274,6137.0,at-risk
INV003614,3,71.5,121,51516,17172.0,regular
INV003619,5,128.5,357,23485,4697.0,at-risk
INV003620,2,662.0,662,2737,1368.5,at-risk
INV003625,2,92.0,92,5292,2646.0,at-risk
INV003626,2,302.0,302,1359,679.5,at-risk
INV003627,3,179.0,328,4210,1403.33,at-risk
INV003634,2,97.0,97,3820,1910.0,at-risk
INV003635,4,79.0,150,74516,18629.0,regular
INV003637,2,149.0,149,32005,16002.5,at-risk
INV003638,2,1.0,1,38615,19307.5,regular
INV003639,2,181.0,181,59885,29942.5,at-risk
INV003641,3,275.0,549,18209,6069.67,at-risk
INV003642,3,45.5,62,88868,29622.67,regular
INV003643,2,40.0,40,29976,14988.0,regular
INV003647,2,58.0,58,22680,11340.0,regular
INV003650,2,222.0,222,5561,2780.5,at-risk
INV003651,2,65.0,65,24565,12282.5,regular
INV003655,3,258.5,481,107278,35759.33,at-risk
INV003658,3,321.5,639,22036,7345.33,at-risk
INV003659,2,569.0,569,13075,6537.5,at-risk
INV003661,4,120.3,178,30295,7573.75,at-risk
INV003664,3,243.5,459,21442,7147.33,at-risk
INV003665,2,124.0,124,18217,9108.5,at-risk
INV003669,4,171.0,330,28395,7098.75,at-risk
INV003670,6,134.8,219,30849,5141.5,at-risk
INV003673,6,127.0,219,55193,9198.83,at-risk
INV003674,4,110.0,241,13250,3312.5,at-risk
INV003675,2,87.0,87,62350,31175.0,regular
INV003677,2,295.0,295,3831,1915.5,at-risk
INV003681,3,138.5,269,4952,1650.67,at-risk
INV003682,2,58.0,58,3463,1731.5,regular
INV003684,2,31.0,31,33992,16996.0,regular
INV003685,3,226.5,426,66605,22201.67,at-risk
INV003686,3,183.0,186,52611,17537.0,at-risk
INV003691,2,71.0,71,47608,23804.0,regular
INV003693,2,29.0,29,36918,18459.0,regular
INV003697,2,30.0,30,28020,14010.0,regular
INV003699,2,479.0,479,33610,16805.0,at-risk
INV003700,2,250.0,250,5463,2731.5,at-risk
INV003705,4,92.0,248,64985,16246.25,at-risk
INV003707,5,63.8,158,105486,21097.2,regular
INV003710,2,273.0,273,43630,21815.0,at-risk
INV003712,3,229.0,457,7325,2441.67,at-risk
INV003713,4,201.0,461,15735,3933.75,at-risk
INV003716,3,274.0,332,28320,9440.0,at-risk
INV003720,2,55.0,55,10393,5196.5,regular
INV003722,4,161.0,239,137462,34365.5,at-risk
INV003724,2,8.0,8,1344,672.0,regular
INV003728,2,123.0,123,67282,33641.0,at-risk
INV003731,3,240.5,306,16766,5588.67,at-risk
INV003733,2,213.0,213,3226,1613.0,at-risk
INV003734,4,151.7,334,22669,5667.25,at-risk
INV003735,3,209.0,328,16544,5514.67,at-risk
INV003736,3,333.0,396,41082,13694.0,at-risk
INV003738,2,421.0,421,4592,2296.0,at-risk
INV003740,4,172.0,448,107122,26780.5,at-risk
INV003741,4,131.7,208,35643,8910.75,at-risk
INV003742,2,56.0,56,26453,13226.5,regular
INV003743,2,26.0,26,12979,6489.5,regular
INV003745,2,83.0,83,3310,1655.0,regular
INV003747,3,167.5,176,73415,24471.67,at-risk
INV003748,6,78.0,148,28659,4776.5,regular
INV003750,4,172.7,338,26689,6672.25,at-risk
INV003751,2,151.0,151,43675,21837.5,at-risk
INV003756,2,146.0,146,29454,14727.0,at-risk
INV003758,2,114.0,114,28099,14049.5,at-risk
INV003761,4,202.3,327,17424,4356.0,at-risk
INV003762,3,257.0,453,49603,16534.33,at-risk
INV003765,3,240.0,366,9885,3295.0,at-risk
INV003766,5,63.0,125,26975,5395.0,regular
INV003767,2,271.0,271,73450,36725.0,at-risk
INV003769,2,58.0,58,8980,4490.0,regular
INV003771,2,20.0,20,15236,7618.0,regular
INV003772,2,149.0,149,10307,5153.5,at-risk
INV003773,3,29.0,54,33338,11112.67,regular
INV003775,5,60.5,113,109050,21810.0,regular
INV003778,3,46.5,64,17493,5831.0,regular
INV003779,2,267.0,267,1124,562.0,at-risk
INV003780,4,203.3,453,24150,6037.5,at-risk
INV003781,4,119.3,142,34905,8726.25,at-risk
INV003783,4,139.3,389,61690,15422.5,at-risk
INV003787,2,208.0,208,15259,7629.5,at-risk
INV003788,2,514.0,514,4306,2153.0,at-risk
INV003791,3,271.0,359,19057,6352.33,at-risk
INV003792,2,539.0,539,20819,10409.5,at-risk
INV003793,4,214.0,299,79395,19848.75,at-risk
INV003795,3,122.0,127,22332,7444.0,at-risk
INV003798,3,122.0,152,72385,24128.33,at-risk
INV003799,3,151.0,241,27238,9079.33,at-risk
INV003801,3,61.5,70,16124,5374.67,regular
INV003805,2,451.0,451,13607,6803.5,at-risk
INV003808,2,185.0,185,6223,3111.5,at-risk
INV003811,3,194.0,333,23158,7719.33,at-risk
INV003812,2,392.0,392,5824,2912.0,at-risk
INV003813,2,118.0,118,26744,13372.0,at-risk
INV003815,5,83.5,205,52164,10432.8,regular
INV003817,2,235.0,235,15434,7717.0,at-risk
INV003819,3,88.5,89,41241,13747.0,regular
INV003821,2,26.0,26,23752,11876.0,regular
INV003822,3,270.5,301,27713,9237.67,at-risk
INV003823,2,36.0,36,15739,7869.5,regular
INV003825,3,254.0,390,45417,15139.0,at-risk
INV003828,3,29.5,35,46214,15404.67,regular
INV003829,5,136.0,306,15537,3107.4,at-risk
INV003830,2,57.0,57,89849,44924.5,regular
INV003832,2,98.0,98,7236,3618.0,at-risk
INV003833,3,27.5,29,59934,19978.0,regular
INV003835,2,179.0,179,3378,1689.0,at-risk
INV003844,4,152.0,243,52327,13081.75,at-risk
INV003845,2,124.0,124,13284,6642.0,at-risk
INV003846,3,213.0,214,15245,5081.67,at-risk
INV003847,4,171.3,386,18548,4637.0,at-risk
INV003849,4,159.7,269,107701,26925.25,at-risk
INV003851,3,318.0,543,23772,7924.0,at-risk
INV003859,3,123.0,188,16710,5570.0,at-risk
INV003860,3,78.0,125,74320,24773.33,regular
INV003862,2,393.0,393,25354,12677.0,at-risk
INV003864,2,127.0,127,19704,9852.0,at-risk
INV003865,4,183.3,303,35142,8785.5,at-risk
INV003867,2,97.0,97,25420,12710.0,at-risk
INV003868,3,164.0,185,83435,27811.67,at-risk
INV003873,2,450.0,450,53151,26575.5,at-risk
INV003874,2,122.0,122,6100,3050.0,at-risk
INV003876,2,94.0,94,57111,28555.5,at-risk
INV003878,2,123.0,123,21250,10625.0,at-risk
INV003879,2,362.0,362,61493,30746.5,at-risk
INV003880,4,29.3,37,11280,2820.0,regular
INV003882,2,550.0,550,4634,2317.0,at-risk
INV003884,2,62.0,62,15738,7869.0,regular
INV003885,2,31.0,31,32490,16245.0,regular
INV003888,3,138.5,145,47159,15719.67,at-risk
INV003892,4,202.7,364,65292,16323.0,at-risk
INV003894,2,632.0,632,2588,1294.0,at-risk
INV003896,3,75.5,119,23392,7797.33,regular
INV003897,4,121.3,211,76003,19000.75,at-risk
INV003900,2,62.0,62,4863,2431.5,regular
INV003901,2,355.0,355,11655,5827.5,at-risk
INV003903,5,82.2,147,47251,9450.2,regular
INV003904,2,152.0,152,9902,4951.0,at-risk
INV003905,3,165.5,297,62145,20715.0,at-risk
INV003906,2,359.0,359,22632,11316.0,at-risk
INV003907,3,211.0,243,9132,3044.0,at-risk
INV003908,2,34.0,34,1028,514.0,regular
INV003913,4,79.0,151,18551,4637.75,regular
INV003916,3,166.5,300,12050,4016.67,at-risk
INV003918,2,298.0,298,15561,7780.5,at-risk
INV003920,4,112.0,176,64581,16145.25,at-risk
INV003921,2,3.0,3,3225,1612.5,regular
INV003926,3,50.0,64,27700,9233.33,regular
INV003928,2,29.0,29,25785,12892.5,regular
INV003937,2,416.0,416,24400,12200.0,at-risk
INV003938,3,94.5,179,29565,9855.0,at-risk
INV003940,5,67.5,129,77043,15408.6,regular
INV003942,3,334.5,669,28021,9340.33,at-risk
INV003943,3,90.5,179,8971,2990.33,at-risk
INV003945,4,151.7,239,101742,25435.5,at-risk
INV003946,2,236.0,236,5815,2907.5,at-risk
INV003947,2,95.0,95,24956,12478.0,at-risk
INV003948,3,44.5,62,66505,22168.33,regular
INV003949,2,39.0,39,14240,7120.0,regular
INV003951,3,335.0,573,19845,6615.0,at-risk
INV003953,2,35.0,35,109006,54503.0,regular
INV003954,2,126.0,126,3360,1680.0,at-risk
INV003955,2,154.0,154,8541,4270.5,at-risk
INV003956,2,364.0,364,35702,17851.0,at-risk
INV003957,2,399.0,399,19881,9940.5,at-risk
INV003958,5,143.5,156,56100,11220.0,at-risk
INV003961,2,147.0,147,57516,28758.0,at-risk
INV003962,3,228.5,302,32597,10865.67,at-risk
INV003963,4,92.0,209,17696,4424.0,at-risk
INV003964,7,105.7,302,108797,15542.43,at-risk
INV003968,2,207.0,207,16387,8193.5,at-risk
INV003974,3,134.0,205,32261,10753.67,at-risk
INV003977,2,608.0,608,87331,43665.5,at-risk
INV003978,3,184.0,239,34913,11637.67,at-risk
INV003979,3,210.5,390,14706,4902.0,at-risk
INV003981,4,233.7,423,53833,13458.25,at-risk
INV003984,2,123.0,123,16626,8313.0,at-risk
INV003985,3,61.5,114,18030,6010.0,regular
INV003986,3,148.5,183,62095,20698.33,at-risk
INV003995,2,453.0,453,62262,31131.0,at-risk
INV003996,2,213.0,213,13289,6644.5,at-risk
INV004001,5,68.0,179,46109,9221.8,regular
INV004004,2,54.0,54,59249,29624.5,regular
INV004005,5,166.8,395,89228,17845.6,at-risk
INV004007,4,32.3,63,4351,1087.75,regular
INV004008,2,103.0,103,24698,12349.0,at-risk
INV004011,3,156.0,250,51861,17287.0,at-risk
INV004016,2,88.0,88,4095,2047.5,regular
INV004018,2,270.0,270,53009,26504.5,at-risk
INV004019,3,91.0,125,85383,28461.0,at-risk
INV004023,4,182.3,277,63809,15952.25,at-risk
INV004024,2,366.0,366,43973,21986.5,at-risk
INV004026,2,578.0,578,21263,10631.5,at-risk
INV004028,3,137.0,146,39033,13011.0,at-risk
INV004033,2,4.0,4,44010,22005.0,regular
INV004037,3,117.0,146,34096,11365.33,at-risk
INV004038,6,122.0,240,191149,31858.17,at-risk
INV004040,2,127.0,127,1044,522.0,at-risk
INV004045,3,119.5,217,9948,3316.0,at-risk
INV004049,3,255.5,300,7969,2656.33,at-risk
INV004051,2,340.0,340,6759,3379.5,at-risk
INV004056,3,211.5,420,27089,9029.67,at-risk
INV004058,3,91.5,144,30895,10298.33,at-risk
INV004061,3,163.0,300,49054,16351.33,at-risk
INV004062,2,91.0,91,10451,5225.5,at-risk
INV004063,3,90.5,122,19828,6609.33,at-risk
INV004068,2,5.0,5,55153,27576.5,regular
INV004070,2,8.0,8,6207,3103.5,regular
INV004071,2,700.0,700,67950,33975.0,at-risk
INV004075,2,59.0,59,13559,6779.5,regular
INV004076,2,97.0,97,13212,6606.0,at-risk
INV004077,2,325.0,325,4415,2207.5,at-risk
INV004080,2,67.0,67,30332,15166.0,regular
INV004085,3,242.5,426,53004,17668.0,at-risk
INV004099,3,169.0,215,62376,20792.0,at-risk
INV004106,2,211.0,211,42806,21403.0,at-risk
INV004108,2,87.0,87,29840,14920.0,regular
INV004109,2,450.0,450,108510,54255.0,at-risk
INV004110,2,62.0,62,29089,14544.5,regular
INV004112,2,219.0,219,20116,10058.0,at-risk
INV004114,3,30.5,34,20466,6822.0,regular
INV004116,4,91.3,146,16149,4037.25,at-risk
INV004120,2,215.0,215,6661,3330.5,at-risk
INV004124,3,88.0,91,60729,20243.0,regular
INV004125,6,122.2,332,78913,13152.17,at-risk
INV004127,2,66.0,66,4619,2309.5,regular
INV004128,3,196.5,330,87310,29103.33,at-risk
INV004134,3,105.5,146,9620,3206.67,at-risk
INV004135,5,129.8,181,11718,2343.6,at-risk
INV004137,3,91.0,92,37678,12559.33,at-risk
INV004138,4,182.7,418,14129,3532.25,at-risk
INV004142,2,151.0,151,55459,27729.5,at-risk
INV004143,3,61.0,89,46980,15660.0,regular
INV004145,3,225.5,386,14386,4795.33,at-risk
INV004146,3,137.0,253,71827,23942.33,at-risk
INV004147,2,340.0,340,18391,9195.5,at-risk
INV004148,3,132.0,210,59943,19981.0,at-risk
INV004149,4,81.0,185,74273,18568.25,regular
INV004151,5,122.0,300,94196,18839.2,at-risk
INV004153,5,152.0,302,125920,25184.0,at-risk
INV004154,2,518.0,518,3064,1532.0,at-risk
INV004157,2,60.0,60,10619,5309.5,regular
INV004160,2,487.0,487,58353,29176.5,at-risk
INV004163,2,249.0,249,55497,27748.5,at-risk
INV004172,4,232.7,428,63114,15778.5,at-risk
INV004174,4,203.7,334,184013,46003.25,at-risk
INV004175,2,575.0,575,10713,5356.5,at-risk
INV004178,3,64.0,127,7715,2571.67,regular
INV004179,2,235.0,235,52677,26338.5,at-risk
INV004181,3,124.0,188,57768,19256.0,at-risk
INV004183,2,243.0,243,1380,690.0,at-risk
INV004184,2,152.0,152,28517,14258.5,at-risk
INV004185,4,53.7,131,12577,3144.25,regular
INV004190,3,76.0,83,36048,12016.0,regular
INV004191,3,213.5,307,19431,6477.0,at-risk
INV004194,2,177.0,177,27192,13596.0,at-risk
INV004195,2,450.0,450,43544,21772.0,at-risk
INV004199,3,209.5,330,19473,6491.0,at-risk
INV004202,4,81.3,209,62046,15511.5,regular
INV004203,2,61.0,61,11060,5530.0,regular
INV004205,2,417.0,417,29285,14642.5,at-risk
INV004208,6,102.8,243,57000,9500.0,at-risk
INV004210,2,123.0,123,24968,12484.0,at-risk
INV004212,3,124.0,243,73184,24394.67,at-risk
INV004216,4,139.0,238,43067,10766.75,at-risk
INV004222,2,31.0,31,57365,28682.5,regular
INV004223,3,149.5,203,8651,2883.67,at-risk
INV004224,2,91.0,91,59113,29556.5,at-risk
INV004225,2,326.0,326,4106,2053.0,at-risk
INV004228,2,424.0,424,50141,25070.5,at-risk
INV004230,2,85.0,85,30655,15327.5,regular
INV004231,2,124.0,124,5124,2562.0,at-risk
INV004232,2,52.0,52,3986,1993.0,regular
INV004237,4,193.0,490,33972,8493.0,at-risk
INV004239,2,116.0,116,6871,3435.5,at-risk
INV004240,3,90.0,152,11058,3686.0,regular
INV004241,3,154.5,182,29312,9770.67,at-risk
INV004243,4,191.7,244,22310,5577.5,at-risk
INV004246,4,30.0,33,91632,22908.0,regular
INV004248,3,75.0,115,52441,17480.33,regular
INV004250,2,420.0,420,23211,11605.5,at-risk
INV004253,2,369.0,369,7529,3764.5,at-risk
INV004254,2,30.0,30,3566,1783.0,regular
INV004263,2,399.0,399,46639,23319.5,at-risk
INV004266,3,153.5,235,11049,3683.0,at-risk
INV004267,2,634.0,634,18653,9326.5,at-risk
INV004272,2,57.0,57,17021,8510.5,regular
INV004273,2,124.0,124,39936,19968.0,at-risk
INV004278,2,60.0,60,2660,1330.0,regular
INV004279,3,330.0,572,74582,24860.67,at-risk
INV004281,2,148.0,148,29489,14744.5,at-risk
INV004283,3,106.0,150,103166,34388.67,at-risk
INV004285,4,140.0,328,57084,14271.0,at-risk
INV004287,3,285.5,389,22711,7570.33,at-risk
INV004288,3,183.0,246,18008,6002.67,at-risk
INV004289,5,158.8,337,28545,5709.0,at-risk
INV004290,3,147.5,233,32174,10724.67,at-risk
INV004293,2,162.0,162,58197,29098.5,at-risk
INV004295,3,211.5,394,45282,15094.0,at-risk
INV004296,4,209.7,486,69977,17494.25,at-risk
INV004297,5,165.5,333,52598,10519.6,at-risk
INV004298,3,302.0,423,21114,7038.0,at-risk
INV004299,2,30.0,30,38691,19345.5,regular
INV004305,2,148.0,148,11226,5613.0,at-risk
INV004306,3,227.0,303,49562,16520.67,at-risk
INV004307,2,61.0,61,13910,6955.0,regular
INV004308,5,159.8,305,71108,14221.6,at-risk
INV004314,3,301.5,541,107221,35740.33,at-risk
INV004319,4,111.7,297,25209,6302.25,at-risk
INV004321,4,50.7,83,42730,10682.5,regular
INV004326,2,324.0,324,48934,24467.0,at-risk
INV004329,3,274.5,363,30716,10238.67,at-risk
INV004335,6,85.0,177,81730,13621.67,regular
INV004336,4,90.7,151,68545,17136.25,at-risk
INV004338,2,115.0,115,15318,7659.0,at-risk
INV004339,2,246.0,246,13044,6522.0,at-risk
INV004340,3,212.5,242,16634,5544.67,at-risk
INV004341,2,305.0,305,13057,6528.5,at-risk
INV004342,3,86.5,91,9879,3293.0,regular
INV004345,2,268.0,268,16011,8005.5,at-risk
INV004347,2,314.0,314,10453,5226.5,at-risk
INV004348,3,286.0,327,60319,20106.33,at-risk
INV004349,2,119.0,119,43928,21964.0,at-risk
INV004350,2,115.0,115,33734,16867.0,at-risk
INV004353,3,104.0,183,23652,7884.0,at-risk
INV004357,5,159.2,393,40260,8052.0,at-risk
INV004358,4,92.7,160,33462,8365.5,at-risk
INV004360,3,57.5,88,50657,16885.67,regular
INV004361,3,134.5,148,11426,3808.67,at-risk
INV004362,2,207.0,207,13138,6569.0,at-risk
INV004364,2,242.0,242,5197,2598.5,at-risk
INV004367,4,150.3,427,115602,28900.5,at-risk
INV004372,3,30.0,59,6058,2019.33,regular
INV004374,2,177.0,177,35517,17758.5,at-risk
INV004377,3,169.5,189,50859,16953.0,at-risk
INV004384,2,34.0,34,32124,16062.0,regular
INV004388,2,31.0,31,10548,5274.0,regular
INV004391,2,130.0,130,12744,6372.0,at-risk
INV004392,2,36.0,36,79068,39534.0,regular
INV004400,3,181.0,211,97782,32594.0,at-risk
INV004401,5,60.2,117,23483,4696.6,regular
INV004403,4,90.7,151,11718,2929.5,at-risk
INV004406,2,246.0,246,13253,6626.5,at-risk
INV004410,4,101.3,271,31553,7888.25,at-risk
INV004411,3,124.0,207,56224,18741.33,at-risk
INV004412,3,198.0,204,16595,5531.67,at-risk
INV004413,2,31.0,31,60610,30305.0,regular
INV004414,3,138.5,208,63835,21278.33,at-risk
INV004415,2,161.0,161,5661,2830.5,at-risk
INV004418,2,89.0,89,31145,15572.5,regular
INV004421,2,327.0,327,3922,1961.0,at-risk
INV004427,5,37.5,118,60045,12009.0,regular
INV004428,4,71.0,152,14779,3694.75,regular
INV004436,2,302.0,302,7531,3765.5,at-risk
INV004437,2,513.0,513,58639,29319.5,at-risk
INV004438,2,89.0,89,24578,12289.0,regular
INV004439,2,33.0,33,33331,16665.5,regular
INV004440,2,149.0,149,18502,9251.0,at-risk
INV004442,2,154.0,154,5667,2833.5,at-risk
INV004443,2,396.0,396,2388,1194.0,at-risk
INV004445,2,426.0,426,30626,15313.0,at-risk
INV004446,3,301.5,450,12116,4038.67,at-risk
INV004447,3,107.5,177,79367,26455.67,at-risk
INV004449,2,155.0,155,5614,2807.0,at-risk
INV004450,2,102.0,102,109089,54544.5,at-risk
INV004451,3,93.0,157,19272,6424.0,at-risk
INV004452,6,73.8,181,102135,17022.5,regular
INV004457,3,287.0,300,67189,22396.33,at-risk
INV004459,3,150.0,154,14748,4916.0,at-risk
INV004460,3,107.0,128,5811,1937.0,at-risk
INV004463,3,229.0,395,65850,21950.0,at-risk
INV004464,2,211.0,211,11298,5649.0,at-risk
INV004465,3,63.5,67,51491,17163.67,regular
INV004466,4,81.0,152,12888,3222.0,regular
INV004468,3,104.5,175,55144,18381.33,at-risk
INV004471,2,35.0,35,16333,8166.5,regular
INV004472,3,91.5,156,19519,6506.33,at-risk
INV004473,4,129.3,240,8265,2066.25,at-risk
INV004474,2,0.0,0,21498,10749.0,regular
INV004475,4,162.3,265,74040,18510.0,at-risk
INV004476,2,397.0,397,7429,3714.5,at-risk
INV004477,4,151.7,209,15812,3953.0,at-risk
INV004481,2,28.0,28,6781,3390.5,regular
INV004483,2,183.0,183,13439,6719.5,at-risk
INV004488,3,120.5,212,15614,5204.67,at-risk
INV004494,3,183.5,245,42620,14206.67,at-risk
INV004495,2,28.0,28,6071,3035.5,regular
INV004497,2,128.0,128,57711,28855.5,at-risk
INV004502,3,124.5,132,30202,10067.33,at-risk
INV004504,2,307.0,307,55964,27982.0,at-risk
INV004505,2,0.0,0,14730,7365.0,regular
INV004506,2,482.0,482,23069,11534.5,at-risk
INV004508,3,199.0,361,70902,23634.0,at-risk
INV004509,2,427.0,427,3060,1530.0,at-risk
INV004510,2,397.0,397,9789,4894.5,at-risk
INV004511,4,190.0,245,18624,4656.0,at-risk
INV004513,3,137.5,216,18536,6178.67,at-risk
INV004514,2,243.0,243,18318,9159.0,at-risk
INV004516,2,547.0,547,25262,12631.0,at-risk
INV004517,4,204.0,512,20140,5035.0,at-risk
INV004518,4,122.3,191,28768,7192.0,at-risk
INV004520,2,597.0,597,2154,1077.0,at-risk
INV004521,5,97.0,122,81163,16232.6,at-risk
INV004523,3,257.0,391,32683,10894.33,at-risk
INV004524,2,489.0,489,17977,8988.5,at-risk
INV004525,2,115.0,115,12659,6329.5,at-risk
INV004527,2,126.0,126,12264,6132.0,at-risk
INV004530,2,155.0,155,60412,30206.0,at-risk
INV004531,4,150.7,205,69883,17470.75,at-risk
INV004533,3,164.5,212,49744,16581.33,at-risk
INV004534,2,67.0,67,6027,3013.5,regular
INV004540,2,180.0,180,57139,28569.5,at-risk
INV004542,3,104.5,119,38291,12763.67,at-risk
INV004547,4,192.0,395,15152,3788.0,at-risk
INV004549,2,71.0,71,11028,5514.0,regular
INV004555,3,210.5,332,44846,14948.67,at-risk
INV004562,4,94.3,158,13362,3340.5,at-risk
INV004563,2,183.0,183,14988,7494.0,at-risk
INV004566,2,172.0,172,1668,834.0,at-risk
INV004567,3,228.5,428,37515,12505.0,at-risk
INV004568,2,421.0,421,2545,1272.5,at-risk
INV004573,2,184.0,184,10211,5105.5,at-risk
INV004574,2,543.0,543,9127,4563.5,at-risk
INV004576,3,211.5,394,8115,2705.0,at-risk
INV004579,4,60.0,119,10759,2689.75,regular
INV004581,3,184.0,214,7397,2465.67,at-risk
INV004584,2,635.0,635,1522,761.0,at-risk
INV004585,2,452.0,452,825,412.5,at-risk
INV004594,3,19.0,34,7431,2477.0,regular
INV004598,2,247.0,247,4381,2190.5,at-risk
INV004600,2,275.0,275,11120,5560.0,at-risk
INV004602,5,114.5,255,45684,9136.8,at-risk
INV004604,3,273.0,422,21455,7151.67,at-risk
INV004607,5,129.0,244,37253,7450.6,at-risk
INV004608,4,71.7,184,27738,6934.5,regular
INV004611,3,103.0,113,63239,21079.67,at-risk
INV004614,3,213.5,358,32662,10887.33,at-risk
INV004616,2,158.0,158,50846,25423.0,at-risk
INV004617,5,85.2,211,27118,5423.6,regular
INV004619,2,179.0,179,60448,30224.0,at-risk
INV004621,2,28.0,28,11141,5570.5,regular
INV004623,2,299.0,299,23567,11783.5,at-risk
INV004625,3,213.0,276,56615,18871.67,at-risk
INV004627,4,221.3,395,29981,7495.25,at-risk
INV004630,4,29.3,56,36299,9074.75,regular
INV004631,5,157.8,307,57346,11469.2,at-risk
INV004632,2,3.0,3,23967,11983.5,regular
INV004633,2,273.0,273,4854,2427.0,at-risk
INV004635,2,86.0,86,50500,25250.0,regular
INV004636,3,77.5,154,62202,20734.0,regular
INV004639,2,324.0,324,14597,7298.5,at-risk
INV004640,3,303.5,485,16622,5540.67,at-risk
INV004641,2,57.0,57,7761,3880.5,regular
INV004643,2,122.0,122,47940,23970.0,at-risk
INV004646,4,203.3,280,51408,12852.0,at-risk
INV004650,2,9.0,9,42966,21483.0,regular
INV004651,4,81.7,179,26808,6702.0,regular
INV004655,2,482.0,482,40893,20446.5,at-risk
INV004660,2,332.0,332,2556,1278.0,at-risk
INV004661,2,452.0,452,13897,6948.5,at-risk
INV004665,2,98.0,98,10543,5271.5,at-risk
INV004669,2,212.0,212,26239,13119.5,at-risk
INV004673,3,78.5,131,77505,25835.0,regular
INV004680,4,91.7,157,20947,5236.75,at-risk
INV004682,3,77.0,102,52160,17386.67,regular
INV004687,3,74.0,86,10663,3554.33,regular
INV004688,2,691.0,691,7648,3824.0,at-risk
INV004692,3,168.0,274,7952,2650.67,at-risk
INV004693,3,136.5,249,18286,6095.33,at-risk
INV004694,3,178.0,265,41103,13701.0,at-risk
INV004695,2,242.0,242,5601,2800.5,at-risk
INV004701,4,80.7,181,23858,5964.5,regular
INV004704,3,92.5,148,27442,9147.33,at-risk
INV004711,2,155.0,155,11282,5641.0,at-risk
INV004712,2,246.0,246,8302,4151.0,at-risk
INV004715,2,478.0,478,28343,14171.5,at-risk
INV004716,2,28.0,28,13568,6784.0,regular
INV004719,4,59.3,91,39868,9967.0,regular
INV004720,2,243.0,243,11596,5798.0,at-risk
INV004724,2,185.0,185,4393,2196.5,at-risk
INV004731,2,56.0,56,47331,23665.5,regular
INV004733,3,127.5,194,11406,3802.0,at-risk
INV004735,2,247.0,247,22920,11460.0,at-risk
INV004737,2,214.0,214,17397,8698.5,at-risk
INV004738,4,150.3,240,34376,8594.0,at-risk
INV004739,2,244.0,244,87234,43617.0,at-risk
INV004741,5,136.0,297,74298,14859.6,at-risk
INV004745,2,162.0,162,2796,1398.0,at-risk
INV004748,2,4.0,4,10787,5393.5,regular
INV004752,2,323.0,323,18876,9438.0,at-risk
INV004753,3,332.5,454,44653,14884.33,at-risk
INV004754,2,148.0,148,11917,5958.5,at-risk
INV004756,2,326.0,326,29835,14917.5,at-risk
INV004758,2,488.0,488,5567,2783.5,at-risk
INV004761,3,146.5,174,36665,12221.67,at-risk
INV004763,2,71.0,71,12528,6264.0,regular
INV004764,2,240.0,240,5320,2660.0,at-risk
INV004769,3,104.5,117,6021,2007.0,at-risk
INV004770,3,197.5,265,19142,6380.67,at-risk
INV004774,3,226.0,275,73256,24418.67,at-risk
INV004775,2,155.0,155,23665,11832.5,at-risk
INV004776,3,153.0,211,24993,8331.0,at-risk
INV004780,2,183.0,183,17796,8898.0,at-risk
INV004784,2,209.0,209,4494,2247.0,at-risk
INV004785,4,222.3,395,23400,5850.0,at-risk
INV004787,3,302.5,388,17752,5917.33,at-risk
INV004791,2,611.0,611,58453,29226.5,at-risk
INV004796,2,215.0,215,2240,1120.0,at-risk
INV004798,3,123.0,181,34383,11461.0,at-risk
INV004803,2,27.0,27,15925,7962.5,regular
INV004804,3,198.0,239,71781,23927.0,at-risk
INV004805,5,105.0,265,82925,16585.0,at-risk
INV004806,2,34.0,34,18923,9461.5,regular
INV004807,3,59.5,87,8568,2856.0,regular
INV004811,2,422.0,422,5400,2700.0,at-risk
INV004813,2,41.0,41,52397,26198.5,regular
INV004814,3,102.0,151,22206,7402.0,at-risk
INV004815,2,183.0,183,51234,25617.0,at-risk
INV004818,3,240.0,242,10909,3636.33,at-risk
INV004819,3,182.0,265,3714,1238.0,at-risk
INV004820,2,235.0,235,42324,21162.0,at-risk
INV004821,2,149.0,149,15313,7656.5,at-risk
INV004822,3,135.0,267,4384,1461.33,at-risk
INV004823,3,151.0,240,35367,11789.0,at-risk
INV004825,4,140.3,183,17395,4348.75,at-risk
INV004827,2,206.0,206,18333,9166.5,at-risk
INV004829,4,220.7,448,76302,19075.5,at-risk
INV004834,4,54.3,71,95900,23975.0,regular
INV004840,3,300.0,509,9347,3115.67,at-risk
INV004841,2,396.0,396,2765,1382.5,at-risk
INV004843,3,31.5,33,33757,11252.33,regular
INV004844,2,327.0,327,14097,7048.5,at-risk
INV004847,3,274.5,394,18052,6017.33,at-risk
INV004848,4,120.7,212,8618,2154.5,at-risk
INV004850,2,301.0,301,63216,31608.0,at-risk
INV004852,2,305.0,305,3448,1724.0,at-risk
INV004853,2,363.0,363,29034,14517.0,at-risk
INV004854,2,574.0,574,24367,12183.5,at-risk
INV004855,2,118.0,118,16700,8350.0,at-risk
INV004856,2,22.0,22,5400,2700.0,regular
INV004860,3,93.0,186,11182,3727.33,at-risk
INV004863,4,191.3,304,21664,5416.0,at-risk
INV004864,4,111.0,185,36222,9055.5,at-risk
INV004865,4,161.0,269,20890,5222.5,at-risk
INV004867,3,259.5,267,16357,5452.33,at-risk
INV004868,3,121.0,180,46627,15542.33,at-risk
INV004871,5,105.0,215,114162,22832.4,at-risk
INV004875,4,79.0,121,16375,4093.75,regular
INV004876,3,95.5,131,34820,11606.67,at-risk
INV004877,3,256.0,308,7442,2480.67,at-risk
INV004880,3,104.0,155,10382,3460.67,at-risk
INV004881,2,489.0,489,12648,6324.0,at-risk
INV004884,3,255.5,453,8024,2674.67,at-risk
INV004889,2,36.0,36,11693,5846.5,regular
INV004891,5,91.2,145,35124,7024.8,at-risk
INV004892,2,327.0,327,10602,5301.0,at-risk
INV004908,3,289.5,578,20451,6817.0,at-risk
INV004910,4,172.0,330,30756,7689.0,at-risk
INV004911,3,148.5,180,15594,5198.0,at-risk
INV004912,2,333.0,333,8278,4139.0,at-risk
INV004913,3,91.5,150,34601,11533.67,at-risk
INV004914,3,60.0,93,18161,6053.67,regular
INV004915,2,220.0,220,37393,18696.5,at-risk
INV004916,2,120.0,120,24683,12341.5,at-risk
INV004917,3,331.0,358,44420,14806.67,at-risk
INV004918,3,227.0,424,11494,3831.33,at-risk
INV004922,2,93.0,93,14398,7199.0,at-risk
INV004924,4,81.7,118,85466,21366.5,regular
INV004925,3,228.0,241,10705,3568.33,at-risk
INV004926,2,60.0,60,70844,35422.0,regular
INV004931,2,23.0,23,2155,1077.5,regular
INV004932,2,331.0,331,18639,9319.5,at-risk
INV004933,2,181.0,181,44616,22308.0,at-risk
INV004939,2,250.0,250,70005,35002.5,at-risk
INV004943,3,257.5,335,31631,10543.67,at-risk
INV004947,3,94.5,184,47228,15742.67,at-risk
INV004950,3,259.5,337,60328,20109.33,at-risk
INV004956,3,211.5,357,24453,8151.0,at-risk
INV004958,3,104.5,152,123838,41279.33,at-risk
INV004959,3,101.5,176,23619,7873.0,at-risk
INV004962,3,271.5,485,26758,8919.33,at-risk
INV004963,2,7.0,7,8584,4292.0,regular
INV004967,2,447.0,447,11137,5568.5,at-risk
INV004969,2,34.0,34,68839,34419.5,regular
INV004970,3,255.0,453,36579,12193.0,at-risk
INV004972,2,547.0,547,10676,5338.0,at-risk
INV004973,2,184.0,184,4426,2213.0,at-risk
INV004974,3,166.5,243,34547,11515.67,at-risk
INV004981,2,6.0,6,11003,5501.5,regular
INV004982,4,202.0,335,20213,5053.25,at-risk
INV004983,2,32.0,32,62573,31286.5,regular
INV004987,4,59.0,122,52783,13195.75,regular
INV004990,2,269.0,269,10278,5139.0,at-risk
INV004992,3,230.5,338,13387,4462.33,at-risk
INV004993,2,482.0,482,3479,1739.5,at-risk
INV004994,3,285.5,571,13566,4522.0,at-risk
INV004995,2,357.0,357,14575,7287.5,at-risk
INV004996,3,212.5,236,65174,21724.67,at-risk
INV004997,2,451.0,451,43562,21781.0,at-risk
